task_id,family,dataset,method,method_name,estimator,seed,train_size
0,classification,data_language,split_conformal_aps,split_conformal_aps_LogisticRegression,LogisticRegression,777,0.8
1,classification,data_language,split_conformal_aps,split_conformal_aps_RandomForest,RandomForest,777,0.8
2,classification,data_language,split_conformal_aps,split_conformal_aps_AdaBoost,AdaBoost,777,0.8
3,classification,data_language,split_conformal_aps,split_conformal_aps_MLP,MLP,777,0.8
4,classification,data_language,split_conformal_aps,split_conformal_aps_XGBoost,XGBoost,777,0.8
5,classification,data_language,split_conformal_aps,split_conformal_aps_LogisticRegression,LogisticRegression,778,0.8
6,classification,data_language,split_conformal_aps,split_conformal_aps_RandomForest,RandomForest,778,0.8
7,classification,data_language,split_conformal_aps,split_conformal_aps_AdaBoost,AdaBoost,778,0.8
8,classification,data_language,split_conformal_aps,split_conformal_aps_MLP,MLP,778,0.8
9,classification,data_language,split_conformal_aps,split_conformal_aps_XGBoost,XGBoost,778,0.8
10,classification,data_language,split_conformal_aps,split_conformal_aps_LogisticRegression,LogisticRegression,779,0.8
11,classification,data_language,split_conformal_aps,split_conformal_aps_RandomForest,RandomForest,779,0.8
12,classification,data_language,split_conformal_aps,split_conformal_aps_AdaBoost,AdaBoost,779,0.8
13,classification,data_language,split_conformal_aps,split_conformal_aps_MLP,MLP,779,0.8
14,classification,data_language,split_conformal_aps,split_conformal_aps_XGBoost,XGBoost,779,0.8
15,classification,data_language,split_conformal_aps,split_conformal_aps_LogisticRegression,LogisticRegression,780,0.8
16,classification,data_language,split_conformal_aps,split_conformal_aps_RandomForest,RandomForest,780,0.8
17,classification,data_language,split_conformal_aps,split_conformal_aps_AdaBoost,AdaBoost,780,0.8
18,classification,data_language,split_conformal_aps,split_conformal_aps_MLP,MLP,780,0.8
19,classification,data_language,split_conformal_aps,split_conformal_aps_XGBoost,XGBoost,780,0.8
20,classification,data_language,split_conformal_aps,split_conformal_aps_LogisticRegression,LogisticRegression,781,0.8
21,classification,data_language,split_conformal_aps,split_conformal_aps_RandomForest,RandomForest,781,0.8
22,classification,data_language,split_conformal_aps,split_conformal_aps_AdaBoost,AdaBoost,781,0.8
23,classification,data_language,split_conformal_aps,split_conformal_aps_MLP,MLP,781,0.8
24,classification,data_language,split_conformal_aps,split_conformal_aps_XGBoost,XGBoost,781,0.8
25,classification,data_language,split_conformal_aps,split_conformal_aps_LogisticRegression,LogisticRegression,782,0.8
26,classification,data_language,split_conformal_aps,split_conformal_aps_RandomForest,RandomForest,782,0.8
27,classification,data_language,split_conformal_aps,split_conformal_aps_AdaBoost,AdaBoost,782,0.8
28,classification,data_language,split_conformal_aps,split_conformal_aps_MLP,MLP,782,0.8
29,classification,data_language,split_conformal_aps,split_conformal_aps_XGBoost,XGBoost,782,0.8
30,classification,data_language,split_conformal_aps,split_conformal_aps_LogisticRegression,LogisticRegression,783,0.8
31,classification,data_language,split_conformal_aps,split_conformal_aps_RandomForest,RandomForest,783,0.8
32,classification,data_language,split_conformal_aps,split_conformal_aps_AdaBoost,AdaBoost,783,0.8
33,classification,data_language,split_conformal_aps,split_conformal_aps_MLP,MLP,783,0.8
34,classification,data_language,split_conformal_aps,split_conformal_aps_XGBoost,XGBoost,783,0.8
35,classification,data_language,split_conformal_aps,split_conformal_aps_LogisticRegression,LogisticRegression,784,0.8
36,classification,data_language,split_conformal_aps,split_conformal_aps_RandomForest,RandomForest,784,0.8
37,classification,data_language,split_conformal_aps,split_conformal_aps_AdaBoost,AdaBoost,784,0.8
38,classification,data_language,split_conformal_aps,split_conformal_aps_MLP,MLP,784,0.8
39,classification,data_language,split_conformal_aps,split_conformal_aps_XGBoost,XGBoost,784,0.8
40,classification,data_language,split_conformal_aps,split_conformal_aps_LogisticRegression,LogisticRegression,785,0.8
41,classification,data_language,split_conformal_aps,split_conformal_aps_RandomForest,RandomForest,785,0.8
42,classification,data_language,split_conformal_aps,split_conformal_aps_AdaBoost,AdaBoost,785,0.8
43,classification,data_language,split_conformal_aps,split_conformal_aps_MLP,MLP,785,0.8
44,classification,data_language,split_conformal_aps,split_conformal_aps_XGBoost,XGBoost,785,0.8
45,classification,data_language,split_conformal_aps,split_conformal_aps_LogisticRegression,LogisticRegression,786,0.8
46,classification,data_language,split_conformal_aps,split_conformal_aps_RandomForest,RandomForest,786,0.8
47,classification,data_language,split_conformal_aps,split_conformal_aps_AdaBoost,AdaBoost,786,0.8
48,classification,data_language,split_conformal_aps,split_conformal_aps_MLP,MLP,786,0.8
49,classification,data_language,split_conformal_aps,split_conformal_aps_XGBoost,XGBoost,786,0.8
50,classification,data_yeast,split_conformal_aps,split_conformal_aps_LogisticRegression,LogisticRegression,777,0.8
51,classification,data_yeast,split_conformal_aps,split_conformal_aps_RandomForest,RandomForest,777,0.8
52,classification,data_yeast,split_conformal_aps,split_conformal_aps_AdaBoost,AdaBoost,777,0.8
53,classification,data_yeast,split_conformal_aps,split_conformal_aps_MLP,MLP,777,0.8
54,classification,data_yeast,split_conformal_aps,split_conformal_aps_XGBoost,XGBoost,777,0.8
55,classification,data_yeast,split_conformal_aps,split_conformal_aps_LogisticRegression,LogisticRegression,778,0.8
56,classification,data_yeast,split_conformal_aps,split_conformal_aps_RandomForest,RandomForest,778,0.8
57,classification,data_yeast,split_conformal_aps,split_conformal_aps_AdaBoost,AdaBoost,778,0.8
58,classification,data_yeast,split_conformal_aps,split_conformal_aps_MLP,MLP,778,0.8
59,classification,data_yeast,split_conformal_aps,split_conformal_aps_XGBoost,XGBoost,778,0.8
60,classification,data_yeast,split_conformal_aps,split_conformal_aps_LogisticRegression,LogisticRegression,779,0.8
61,classification,data_yeast,split_conformal_aps,split_conformal_aps_RandomForest,RandomForest,779,0.8
62,classification,data_yeast,split_conformal_aps,split_conformal_aps_AdaBoost,AdaBoost,779,0.8
63,classification,data_yeast,split_conformal_aps,split_conformal_aps_MLP,MLP,779,0.8
64,classification,data_yeast,split_conformal_aps,split_conformal_aps_XGBoost,XGBoost,779,0.8
65,classification,data_yeast,split_conformal_aps,split_conformal_aps_LogisticRegression,LogisticRegression,780,0.8
66,classification,data_yeast,split_conformal_aps,split_conformal_aps_RandomForest,RandomForest,780,0.8
67,classification,data_yeast,split_conformal_aps,split_conformal_aps_AdaBoost,AdaBoost,780,0.8
68,classification,data_yeast,split_conformal_aps,split_conformal_aps_MLP,MLP,780,0.8
69,classification,data_yeast,split_conformal_aps,split_conformal_aps_XGBoost,XGBoost,780,0.8
70,classification,data_yeast,split_conformal_aps,split_conformal_aps_LogisticRegression,LogisticRegression,781,0.8
71,classification,data_yeast,split_conformal_aps,split_conformal_aps_RandomForest,RandomForest,781,0.8
72,classification,data_yeast,split_conformal_aps,split_conformal_aps_AdaBoost,AdaBoost,781,0.8
73,classification,data_yeast,split_conformal_aps,split_conformal_aps_MLP,MLP,781,0.8
74,classification,data_yeast,split_conformal_aps,split_conformal_aps_XGBoost,XGBoost,781,0.8
75,classification,data_yeast,split_conformal_aps,split_conformal_aps_LogisticRegression,LogisticRegression,782,0.8
76,classification,data_yeast,split_conformal_aps,split_conformal_aps_RandomForest,RandomForest,782,0.8
77,classification,data_yeast,split_conformal_aps,split_conformal_aps_AdaBoost,AdaBoost,782,0.8
78,classification,data_yeast,split_conformal_aps,split_conformal_aps_MLP,MLP,782,0.8
79,classification,data_yeast,split_conformal_aps,split_conformal_aps_XGBoost,XGBoost,782,0.8
80,classification,data_yeast,split_conformal_aps,split_conformal_aps_LogisticRegression,LogisticRegression,783,0.8
81,classification,data_yeast,split_conformal_aps,split_conformal_aps_RandomForest,RandomForest,783,0.8
82,classification,data_yeast,split_conformal_aps,split_conformal_aps_AdaBoost,AdaBoost,783,0.8
83,classification,data_yeast,split_conformal_aps,split_conformal_aps_MLP,MLP,783,0.8
84,classification,data_yeast,split_conformal_aps,split_conformal_aps_XGBoost,XGBoost,783,0.8
85,classification,data_yeast,split_conformal_aps,split_conformal_aps_LogisticRegression,LogisticRegression,784,0.8
86,classification,data_yeast,split_conformal_aps,split_conformal_aps_RandomForest,RandomForest,784,0.8
87,classification,data_yeast,split_conformal_aps,split_conformal_aps_AdaBoost,AdaBoost,784,0.8
88,classification,data_yeast,split_conformal_aps,split_conformal_aps_MLP,MLP,784,0.8
89,classification,data_yeast,split_conformal_aps,split_conformal_aps_XGBoost,XGBoost,784,0.8
90,classification,data_yeast,split_conformal_aps,split_conformal_aps_LogisticRegression,LogisticRegression,785,0.8
91,classification,data_yeast,split_conformal_aps,split_conformal_aps_RandomForest,RandomForest,785,0.8
92,classification,data_yeast,split_conformal_aps,split_conformal_aps_AdaBoost,AdaBoost,785,0.8
93,classification,data_yeast,split_conformal_aps,split_conformal_aps_MLP,MLP,785,0.8
94,classification,data_yeast,split_conformal_aps,split_conformal_aps_XGBoost,XGBoost,785,0.8
95,classification,data_yeast,split_conformal_aps,split_conformal_aps_LogisticRegression,LogisticRegression,786,0.8
96,classification,data_yeast,split_conformal_aps,split_conformal_aps_RandomForest,RandomForest,786,0.8
97,classification,data_yeast,split_conformal_aps,split_conformal_aps_AdaBoost,AdaBoost,786,0.8
98,classification,data_yeast,split_conformal_aps,split_conformal_aps_MLP,MLP,786,0.8
99,classification,data_yeast,split_conformal_aps,split_conformal_aps_XGBoost,XGBoost,786,0.8
100,classification,data_chess,split_conformal_aps,split_conformal_aps_LogisticRegression,LogisticRegression,777,0.8
101,classification,data_chess,split_conformal_aps,split_conformal_aps_RandomForest,RandomForest,777,0.8
102,classification,data_chess,split_conformal_aps,split_conformal_aps_AdaBoost,AdaBoost,777,0.8
103,classification,data_chess,split_conformal_aps,split_conformal_aps_MLP,MLP,777,0.8
104,classification,data_chess,split_conformal_aps,split_conformal_aps_XGBoost,XGBoost,777,0.8
105,classification,data_chess,split_conformal_aps,split_conformal_aps_LogisticRegression,LogisticRegression,778,0.8
106,classification,data_chess,split_conformal_aps,split_conformal_aps_RandomForest,RandomForest,778,0.8
107,classification,data_chess,split_conformal_aps,split_conformal_aps_AdaBoost,AdaBoost,778,0.8
108,classification,data_chess,split_conformal_aps,split_conformal_aps_MLP,MLP,778,0.8
109,classification,data_chess,split_conformal_aps,split_conformal_aps_XGBoost,XGBoost,778,0.8
110,classification,data_chess,split_conformal_aps,split_conformal_aps_LogisticRegression,LogisticRegression,779,0.8
111,classification,data_chess,split_conformal_aps,split_conformal_aps_RandomForest,RandomForest,779,0.8
112,classification,data_chess,split_conformal_aps,split_conformal_aps_AdaBoost,AdaBoost,779,0.8
113,classification,data_chess,split_conformal_aps,split_conformal_aps_MLP,MLP,779,0.8
114,classification,data_chess,split_conformal_aps,split_conformal_aps_XGBoost,XGBoost,779,0.8
115,classification,data_chess,split_conformal_aps,split_conformal_aps_LogisticRegression,LogisticRegression,780,0.8
116,classification,data_chess,split_conformal_aps,split_conformal_aps_RandomForest,RandomForest,780,0.8
117,classification,data_chess,split_conformal_aps,split_conformal_aps_AdaBoost,AdaBoost,780,0.8
118,classification,data_chess,split_conformal_aps,split_conformal_aps_MLP,MLP,780,0.8
119,classification,data_chess,split_conformal_aps,split_conformal_aps_XGBoost,XGBoost,780,0.8
120,classification,data_chess,split_conformal_aps,split_conformal_aps_LogisticRegression,LogisticRegression,781,0.8
121,classification,data_chess,split_conformal_aps,split_conformal_aps_RandomForest,RandomForest,781,0.8
122,classification,data_chess,split_conformal_aps,split_conformal_aps_AdaBoost,AdaBoost,781,0.8
123,classification,data_chess,split_conformal_aps,split_conformal_aps_MLP,MLP,781,0.8
124,classification,data_chess,split_conformal_aps,split_conformal_aps_XGBoost,XGBoost,781,0.8
125,classification,data_chess,split_conformal_aps,split_conformal_aps_LogisticRegression,LogisticRegression,782,0.8
126,classification,data_chess,split_conformal_aps,split_conformal_aps_RandomForest,RandomForest,782,0.8
127,classification,data_chess,split_conformal_aps,split_conformal_aps_AdaBoost,AdaBoost,782,0.8
128,classification,data_chess,split_conformal_aps,split_conformal_aps_MLP,MLP,782,0.8
129,classification,data_chess,split_conformal_aps,split_conformal_aps_XGBoost,XGBoost,782,0.8
130,classification,data_chess,split_conformal_aps,split_conformal_aps_LogisticRegression,LogisticRegression,783,0.8
131,classification,data_chess,split_conformal_aps,split_conformal_aps_RandomForest,RandomForest,783,0.8
132,classification,data_chess,split_conformal_aps,split_conformal_aps_AdaBoost,AdaBoost,783,0.8
133,classification,data_chess,split_conformal_aps,split_conformal_aps_MLP,MLP,783,0.8
134,classification,data_chess,split_conformal_aps,split_conformal_aps_XGBoost,XGBoost,783,0.8
135,classification,data_chess,split_conformal_aps,split_conformal_aps_LogisticRegression,LogisticRegression,784,0.8
136,classification,data_chess,split_conformal_aps,split_conformal_aps_RandomForest,RandomForest,784,0.8
137,classification,data_chess,split_conformal_aps,split_conformal_aps_AdaBoost,AdaBoost,784,0.8
138,classification,data_chess,split_conformal_aps,split_conformal_aps_MLP,MLP,784,0.8
139,classification,data_chess,split_conformal_aps,split_conformal_aps_XGBoost,XGBoost,784,0.8
140,classification,data_chess,split_conformal_aps,split_conformal_aps_LogisticRegression,LogisticRegression,785,0.8
141,classification,data_chess,split_conformal_aps,split_conformal_aps_RandomForest,RandomForest,785,0.8
142,classification,data_chess,split_conformal_aps,split_conformal_aps_AdaBoost,AdaBoost,785,0.8
143,classification,data_chess,split_conformal_aps,split_conformal_aps_MLP,MLP,785,0.8
144,classification,data_chess,split_conformal_aps,split_conformal_aps_XGBoost,XGBoost,785,0.8
145,classification,data_chess,split_conformal_aps,split_conformal_aps_LogisticRegression,LogisticRegression,786,0.8
146,classification,data_chess,split_conformal_aps,split_conformal_aps_RandomForest,RandomForest,786,0.8
147,classification,data_chess,split_conformal_aps,split_conformal_aps_AdaBoost,AdaBoost,786,0.8
148,classification,data_chess,split_conformal_aps,split_conformal_aps_MLP,MLP,786,0.8
149,classification,data_chess,split_conformal_aps,split_conformal_aps_XGBoost,XGBoost,786,0.8
150,classification,data_cover_type,split_conformal_aps,split_conformal_aps_LogisticRegression,LogisticRegression,777,0.8
151,classification,data_cover_type,split_conformal_aps,split_conformal_aps_RandomForest,RandomForest,777,0.8
152,classification,data_cover_type,split_conformal_aps,split_conformal_aps_AdaBoost,AdaBoost,777,0.8
153,classification,data_cover_type,split_conformal_aps,split_conformal_aps_MLP,MLP,777,0.8
154,classification,data_cover_type,split_conformal_aps,split_conformal_aps_XGBoost,XGBoost,777,0.8
155,classification,data_cover_type,split_conformal_aps,split_conformal_aps_LogisticRegression,LogisticRegression,778,0.8
156,classification,data_cover_type,split_conformal_aps,split_conformal_aps_RandomForest,RandomForest,778,0.8
157,classification,data_cover_type,split_conformal_aps,split_conformal_aps_AdaBoost,AdaBoost,778,0.8
158,classification,data_cover_type,split_conformal_aps,split_conformal_aps_MLP,MLP,778,0.8
159,classification,data_cover_type,split_conformal_aps,split_conformal_aps_XGBoost,XGBoost,778,0.8
160,classification,data_cover_type,split_conformal_aps,split_conformal_aps_LogisticRegression,LogisticRegression,779,0.8
161,classification,data_cover_type,split_conformal_aps,split_conformal_aps_RandomForest,RandomForest,779,0.8
162,classification,data_cover_type,split_conformal_aps,split_conformal_aps_AdaBoost,AdaBoost,779,0.8
163,classification,data_cover_type,split_conformal_aps,split_conformal_aps_MLP,MLP,779,0.8
164,classification,data_cover_type,split_conformal_aps,split_conformal_aps_XGBoost,XGBoost,779,0.8
165,classification,data_cover_type,split_conformal_aps,split_conformal_aps_LogisticRegression,LogisticRegression,780,0.8
166,classification,data_cover_type,split_conformal_aps,split_conformal_aps_RandomForest,RandomForest,780,0.8
167,classification,data_cover_type,split_conformal_aps,split_conformal_aps_AdaBoost,AdaBoost,780,0.8
168,classification,data_cover_type,split_conformal_aps,split_conformal_aps_MLP,MLP,780,0.8
169,classification,data_cover_type,split_conformal_aps,split_conformal_aps_XGBoost,XGBoost,780,0.8
170,classification,data_cover_type,split_conformal_aps,split_conformal_aps_LogisticRegression,LogisticRegression,781,0.8
171,classification,data_cover_type,split_conformal_aps,split_conformal_aps_RandomForest,RandomForest,781,0.8
172,classification,data_cover_type,split_conformal_aps,split_conformal_aps_AdaBoost,AdaBoost,781,0.8
173,classification,data_cover_type,split_conformal_aps,split_conformal_aps_MLP,MLP,781,0.8
174,classification,data_cover_type,split_conformal_aps,split_conformal_aps_XGBoost,XGBoost,781,0.8
175,classification,data_cover_type,split_conformal_aps,split_conformal_aps_LogisticRegression,LogisticRegression,782,0.8
176,classification,data_cover_type,split_conformal_aps,split_conformal_aps_RandomForest,RandomForest,782,0.8
177,classification,data_cover_type,split_conformal_aps,split_conformal_aps_AdaBoost,AdaBoost,782,0.8
178,classification,data_cover_type,split_conformal_aps,split_conformal_aps_MLP,MLP,782,0.8
179,classification,data_cover_type,split_conformal_aps,split_conformal_aps_XGBoost,XGBoost,782,0.8
180,classification,data_cover_type,split_conformal_aps,split_conformal_aps_LogisticRegression,LogisticRegression,783,0.8
181,classification,data_cover_type,split_conformal_aps,split_conformal_aps_RandomForest,RandomForest,783,0.8
182,classification,data_cover_type,split_conformal_aps,split_conformal_aps_AdaBoost,AdaBoost,783,0.8
183,classification,data_cover_type,split_conformal_aps,split_conformal_aps_MLP,MLP,783,0.8
184,classification,data_cover_type,split_conformal_aps,split_conformal_aps_XGBoost,XGBoost,783,0.8
185,classification,data_cover_type,split_conformal_aps,split_conformal_aps_LogisticRegression,LogisticRegression,784,0.8
186,classification,data_cover_type,split_conformal_aps,split_conformal_aps_RandomForest,RandomForest,784,0.8
187,classification,data_cover_type,split_conformal_aps,split_conformal_aps_AdaBoost,AdaBoost,784,0.8
188,classification,data_cover_type,split_conformal_aps,split_conformal_aps_MLP,MLP,784,0.8
189,classification,data_cover_type,split_conformal_aps,split_conformal_aps_XGBoost,XGBoost,784,0.8
190,classification,data_cover_type,split_conformal_aps,split_conformal_aps_LogisticRegression,LogisticRegression,785,0.8
191,classification,data_cover_type,split_conformal_aps,split_conformal_aps_RandomForest,RandomForest,785,0.8
192,classification,data_cover_type,split_conformal_aps,split_conformal_aps_AdaBoost,AdaBoost,785,0.8
193,classification,data_cover_type,split_conformal_aps,split_conformal_aps_MLP,MLP,785,0.8
194,classification,data_cover_type,split_conformal_aps,split_conformal_aps_XGBoost,XGBoost,785,0.8
195,classification,data_cover_type,split_conformal_aps,split_conformal_aps_LogisticRegression,LogisticRegression,786,0.8
196,classification,data_cover_type,split_conformal_aps,split_conformal_aps_RandomForest,RandomForest,786,0.8
197,classification,data_cover_type,split_conformal_aps,split_conformal_aps_AdaBoost,AdaBoost,786,0.8
198,classification,data_cover_type,split_conformal_aps,split_conformal_aps_MLP,MLP,786,0.8
199,classification,data_cover_type,split_conformal_aps,split_conformal_aps_XGBoost,XGBoost,786,0.8
200,classification,data_isolet,split_conformal_aps,split_conformal_aps_LogisticRegression,LogisticRegression,777,0.8
201,classification,data_isolet,split_conformal_aps,split_conformal_aps_RandomForest,RandomForest,777,0.8
202,classification,data_isolet,split_conformal_aps,split_conformal_aps_AdaBoost,AdaBoost,777,0.8
203,classification,data_isolet,split_conformal_aps,split_conformal_aps_MLP,MLP,777,0.8
204,classification,data_isolet,split_conformal_aps,split_conformal_aps_XGBoost,XGBoost,777,0.8
205,classification,data_isolet,split_conformal_aps,split_conformal_aps_LogisticRegression,LogisticRegression,778,0.8
206,classification,data_isolet,split_conformal_aps,split_conformal_aps_RandomForest,RandomForest,778,0.8
207,classification,data_isolet,split_conformal_aps,split_conformal_aps_AdaBoost,AdaBoost,778,0.8
208,classification,data_isolet,split_conformal_aps,split_conformal_aps_MLP,MLP,778,0.8
209,classification,data_isolet,split_conformal_aps,split_conformal_aps_XGBoost,XGBoost,778,0.8
210,classification,data_isolet,split_conformal_aps,split_conformal_aps_LogisticRegression,LogisticRegression,779,0.8
211,classification,data_isolet,split_conformal_aps,split_conformal_aps_RandomForest,RandomForest,779,0.8
212,classification,data_isolet,split_conformal_aps,split_conformal_aps_AdaBoost,AdaBoost,779,0.8
213,classification,data_isolet,split_conformal_aps,split_conformal_aps_MLP,MLP,779,0.8
214,classification,data_isolet,split_conformal_aps,split_conformal_aps_XGBoost,XGBoost,779,0.8
215,classification,data_isolet,split_conformal_aps,split_conformal_aps_LogisticRegression,LogisticRegression,780,0.8
216,classification,data_isolet,split_conformal_aps,split_conformal_aps_RandomForest,RandomForest,780,0.8
217,classification,data_isolet,split_conformal_aps,split_conformal_aps_AdaBoost,AdaBoost,780,0.8
218,classification,data_isolet,split_conformal_aps,split_conformal_aps_MLP,MLP,780,0.8
219,classification,data_isolet,split_conformal_aps,split_conformal_aps_XGBoost,XGBoost,780,0.8
220,classification,data_isolet,split_conformal_aps,split_conformal_aps_LogisticRegression,LogisticRegression,781,0.8
221,classification,data_isolet,split_conformal_aps,split_conformal_aps_RandomForest,RandomForest,781,0.8
222,classification,data_isolet,split_conformal_aps,split_conformal_aps_AdaBoost,AdaBoost,781,0.8
223,classification,data_isolet,split_conformal_aps,split_conformal_aps_MLP,MLP,781,0.8
224,classification,data_isolet,split_conformal_aps,split_conformal_aps_XGBoost,XGBoost,781,0.8
225,classification,data_isolet,split_conformal_aps,split_conformal_aps_LogisticRegression,LogisticRegression,782,0.8
226,classification,data_isolet,split_conformal_aps,split_conformal_aps_RandomForest,RandomForest,782,0.8
227,classification,data_isolet,split_conformal_aps,split_conformal_aps_AdaBoost,AdaBoost,782,0.8
228,classification,data_isolet,split_conformal_aps,split_conformal_aps_MLP,MLP,782,0.8
229,classification,data_isolet,split_conformal_aps,split_conformal_aps_XGBoost,XGBoost,782,0.8
230,classification,data_isolet,split_conformal_aps,split_conformal_aps_LogisticRegression,LogisticRegression,783,0.8
231,classification,data_isolet,split_conformal_aps,split_conformal_aps_RandomForest,RandomForest,783,0.8
232,classification,data_isolet,split_conformal_aps,split_conformal_aps_AdaBoost,AdaBoost,783,0.8
233,classification,data_isolet,split_conformal_aps,split_conformal_aps_MLP,MLP,783,0.8
234,classification,data_isolet,split_conformal_aps,split_conformal_aps_XGBoost,XGBoost,783,0.8
235,classification,data_isolet,split_conformal_aps,split_conformal_aps_LogisticRegression,LogisticRegression,784,0.8
236,classification,data_isolet,split_conformal_aps,split_conformal_aps_RandomForest,RandomForest,784,0.8
237,classification,data_isolet,split_conformal_aps,split_conformal_aps_AdaBoost,AdaBoost,784,0.8
238,classification,data_isolet,split_conformal_aps,split_conformal_aps_MLP,MLP,784,0.8
239,classification,data_isolet,split_conformal_aps,split_conformal_aps_XGBoost,XGBoost,784,0.8
240,classification,data_isolet,split_conformal_aps,split_conformal_aps_LogisticRegression,LogisticRegression,785,0.8
241,classification,data_isolet,split_conformal_aps,split_conformal_aps_RandomForest,RandomForest,785,0.8
242,classification,data_isolet,split_conformal_aps,split_conformal_aps_AdaBoost,AdaBoost,785,0.8
243,classification,data_isolet,split_conformal_aps,split_conformal_aps_MLP,MLP,785,0.8
244,classification,data_isolet,split_conformal_aps,split_conformal_aps_XGBoost,XGBoost,785,0.8
245,classification,data_isolet,split_conformal_aps,split_conformal_aps_LogisticRegression,LogisticRegression,786,0.8
246,classification,data_isolet,split_conformal_aps,split_conformal_aps_RandomForest,RandomForest,786,0.8
247,classification,data_isolet,split_conformal_aps,split_conformal_aps_AdaBoost,AdaBoost,786,0.8
248,classification,data_isolet,split_conformal_aps,split_conformal_aps_MLP,MLP,786,0.8
249,classification,data_isolet,split_conformal_aps,split_conformal_aps_XGBoost,XGBoost,786,0.8
250,classification,data_dionis,split_conformal_aps,split_conformal_aps_LogisticRegression,LogisticRegression,777,0.8
251,classification,data_dionis,split_conformal_aps,split_conformal_aps_RandomForest,RandomForest,777,0.8
252,classification,data_dionis,split_conformal_aps,split_conformal_aps_AdaBoost,AdaBoost,777,0.8
253,classification,data_dionis,split_conformal_aps,split_conformal_aps_MLP,MLP,777,0.8
254,classification,data_dionis,split_conformal_aps,split_conformal_aps_XGBoost,XGBoost,777,0.8
255,classification,data_dionis,split_conformal_aps,split_conformal_aps_LogisticRegression,LogisticRegression,778,0.8
256,classification,data_dionis,split_conformal_aps,split_conformal_aps_RandomForest,RandomForest,778,0.8
257,classification,data_dionis,split_conformal_aps,split_conformal_aps_AdaBoost,AdaBoost,778,0.8
258,classification,data_dionis,split_conformal_aps,split_conformal_aps_MLP,MLP,778,0.8
259,classification,data_dionis,split_conformal_aps,split_conformal_aps_XGBoost,XGBoost,778,0.8
260,classification,data_dionis,split_conformal_aps,split_conformal_aps_LogisticRegression,LogisticRegression,779,0.8
261,classification,data_dionis,split_conformal_aps,split_conformal_aps_RandomForest,RandomForest,779,0.8
262,classification,data_dionis,split_conformal_aps,split_conformal_aps_AdaBoost,AdaBoost,779,0.8
263,classification,data_dionis,split_conformal_aps,split_conformal_aps_MLP,MLP,779,0.8
264,classification,data_dionis,split_conformal_aps,split_conformal_aps_XGBoost,XGBoost,779,0.8
265,classification,data_dionis,split_conformal_aps,split_conformal_aps_LogisticRegression,LogisticRegression,780,0.8
266,classification,data_dionis,split_conformal_aps,split_conformal_aps_RandomForest,RandomForest,780,0.8
267,classification,data_dionis,split_conformal_aps,split_conformal_aps_AdaBoost,AdaBoost,780,0.8
268,classification,data_dionis,split_conformal_aps,split_conformal_aps_MLP,MLP,780,0.8
269,classification,data_dionis,split_conformal_aps,split_conformal_aps_XGBoost,XGBoost,780,0.8
270,classification,data_dionis,split_conformal_aps,split_conformal_aps_LogisticRegression,LogisticRegression,781,0.8
271,classification,data_dionis,split_conformal_aps,split_conformal_aps_RandomForest,RandomForest,781,0.8
272,classification,data_dionis,split_conformal_aps,split_conformal_aps_AdaBoost,AdaBoost,781,0.8
273,classification,data_dionis,split_conformal_aps,split_conformal_aps_MLP,MLP,781,0.8
274,classification,data_dionis,split_conformal_aps,split_conformal_aps_XGBoost,XGBoost,781,0.8
275,classification,data_dionis,split_conformal_aps,split_conformal_aps_LogisticRegression,LogisticRegression,782,0.8
276,classification,data_dionis,split_conformal_aps,split_conformal_aps_RandomForest,RandomForest,782,0.8
277,classification,data_dionis,split_conformal_aps,split_conformal_aps_AdaBoost,AdaBoost,782,0.8
278,classification,data_dionis,split_conformal_aps,split_conformal_aps_MLP,MLP,782,0.8
279,classification,data_dionis,split_conformal_aps,split_conformal_aps_XGBoost,XGBoost,782,0.8
280,classification,data_dionis,split_conformal_aps,split_conformal_aps_LogisticRegression,LogisticRegression,783,0.8
281,classification,data_dionis,split_conformal_aps,split_conformal_aps_RandomForest,RandomForest,783,0.8
282,classification,data_dionis,split_conformal_aps,split_conformal_aps_AdaBoost,AdaBoost,783,0.8
283,classification,data_dionis,split_conformal_aps,split_conformal_aps_MLP,MLP,783,0.8
284,classification,data_dionis,split_conformal_aps,split_conformal_aps_XGBoost,XGBoost,783,0.8
285,classification,data_dionis,split_conformal_aps,split_conformal_aps_LogisticRegression,LogisticRegression,784,0.8
286,classification,data_dionis,split_conformal_aps,split_conformal_aps_RandomForest,RandomForest,784,0.8
287,classification,data_dionis,split_conformal_aps,split_conformal_aps_AdaBoost,AdaBoost,784,0.8
288,classification,data_dionis,split_conformal_aps,split_conformal_aps_MLP,MLP,784,0.8
289,classification,data_dionis,split_conformal_aps,split_conformal_aps_XGBoost,XGBoost,784,0.8
290,classification,data_dionis,split_conformal_aps,split_conformal_aps_LogisticRegression,LogisticRegression,785,0.8
291,classification,data_dionis,split_conformal_aps,split_conformal_aps_RandomForest,RandomForest,785,0.8
292,classification,data_dionis,split_conformal_aps,split_conformal_aps_AdaBoost,AdaBoost,785,0.8
293,classification,data_dionis,split_conformal_aps,split_conformal_aps_MLP,MLP,785,0.8
294,classification,data_dionis,split_conformal_aps,split_conformal_aps_XGBoost,XGBoost,785,0.8
295,classification,data_dionis,split_conformal_aps,split_conformal_aps_LogisticRegression,LogisticRegression,786,0.8
296,classification,data_dionis,split_conformal_aps,split_conformal_aps_RandomForest,RandomForest,786,0.8
297,classification,data_dionis,split_conformal_aps,split_conformal_aps_AdaBoost,AdaBoost,786,0.8
298,classification,data_dionis,split_conformal_aps,split_conformal_aps_MLP,MLP,786,0.8
299,classification,data_dionis,split_conformal_aps,split_conformal_aps_XGBoost,XGBoost,786,0.8
300,classification,data_language,split_conformal_raps,split_conformal_raps_LogisticRegression,LogisticRegression,777,0.8
301,classification,data_language,split_conformal_raps,split_conformal_raps_RandomForest,RandomForest,777,0.8
302,classification,data_language,split_conformal_raps,split_conformal_raps_AdaBoost,AdaBoost,777,0.8
303,classification,data_language,split_conformal_raps,split_conformal_raps_MLP,MLP,777,0.8
304,classification,data_language,split_conformal_raps,split_conformal_raps_XGBoost,XGBoost,777,0.8
305,classification,data_language,split_conformal_raps,split_conformal_raps_LogisticRegression,LogisticRegression,778,0.8
306,classification,data_language,split_conformal_raps,split_conformal_raps_RandomForest,RandomForest,778,0.8
307,classification,data_language,split_conformal_raps,split_conformal_raps_AdaBoost,AdaBoost,778,0.8
308,classification,data_language,split_conformal_raps,split_conformal_raps_MLP,MLP,778,0.8
309,classification,data_language,split_conformal_raps,split_conformal_raps_XGBoost,XGBoost,778,0.8
310,classification,data_language,split_conformal_raps,split_conformal_raps_LogisticRegression,LogisticRegression,779,0.8
311,classification,data_language,split_conformal_raps,split_conformal_raps_RandomForest,RandomForest,779,0.8
312,classification,data_language,split_conformal_raps,split_conformal_raps_AdaBoost,AdaBoost,779,0.8
313,classification,data_language,split_conformal_raps,split_conformal_raps_MLP,MLP,779,0.8
314,classification,data_language,split_conformal_raps,split_conformal_raps_XGBoost,XGBoost,779,0.8
315,classification,data_language,split_conformal_raps,split_conformal_raps_LogisticRegression,LogisticRegression,780,0.8
316,classification,data_language,split_conformal_raps,split_conformal_raps_RandomForest,RandomForest,780,0.8
317,classification,data_language,split_conformal_raps,split_conformal_raps_AdaBoost,AdaBoost,780,0.8
318,classification,data_language,split_conformal_raps,split_conformal_raps_MLP,MLP,780,0.8
319,classification,data_language,split_conformal_raps,split_conformal_raps_XGBoost,XGBoost,780,0.8
320,classification,data_language,split_conformal_raps,split_conformal_raps_LogisticRegression,LogisticRegression,781,0.8
321,classification,data_language,split_conformal_raps,split_conformal_raps_RandomForest,RandomForest,781,0.8
322,classification,data_language,split_conformal_raps,split_conformal_raps_AdaBoost,AdaBoost,781,0.8
323,classification,data_language,split_conformal_raps,split_conformal_raps_MLP,MLP,781,0.8
324,classification,data_language,split_conformal_raps,split_conformal_raps_XGBoost,XGBoost,781,0.8
325,classification,data_language,split_conformal_raps,split_conformal_raps_LogisticRegression,LogisticRegression,782,0.8
326,classification,data_language,split_conformal_raps,split_conformal_raps_RandomForest,RandomForest,782,0.8
327,classification,data_language,split_conformal_raps,split_conformal_raps_AdaBoost,AdaBoost,782,0.8
328,classification,data_language,split_conformal_raps,split_conformal_raps_MLP,MLP,782,0.8
329,classification,data_language,split_conformal_raps,split_conformal_raps_XGBoost,XGBoost,782,0.8
330,classification,data_language,split_conformal_raps,split_conformal_raps_LogisticRegression,LogisticRegression,783,0.8
331,classification,data_language,split_conformal_raps,split_conformal_raps_RandomForest,RandomForest,783,0.8
332,classification,data_language,split_conformal_raps,split_conformal_raps_AdaBoost,AdaBoost,783,0.8
333,classification,data_language,split_conformal_raps,split_conformal_raps_MLP,MLP,783,0.8
334,classification,data_language,split_conformal_raps,split_conformal_raps_XGBoost,XGBoost,783,0.8
335,classification,data_language,split_conformal_raps,split_conformal_raps_LogisticRegression,LogisticRegression,784,0.8
336,classification,data_language,split_conformal_raps,split_conformal_raps_RandomForest,RandomForest,784,0.8
337,classification,data_language,split_conformal_raps,split_conformal_raps_AdaBoost,AdaBoost,784,0.8
338,classification,data_language,split_conformal_raps,split_conformal_raps_MLP,MLP,784,0.8
339,classification,data_language,split_conformal_raps,split_conformal_raps_XGBoost,XGBoost,784,0.8
340,classification,data_language,split_conformal_raps,split_conformal_raps_LogisticRegression,LogisticRegression,785,0.8
341,classification,data_language,split_conformal_raps,split_conformal_raps_RandomForest,RandomForest,785,0.8
342,classification,data_language,split_conformal_raps,split_conformal_raps_AdaBoost,AdaBoost,785,0.8
343,classification,data_language,split_conformal_raps,split_conformal_raps_MLP,MLP,785,0.8
344,classification,data_language,split_conformal_raps,split_conformal_raps_XGBoost,XGBoost,785,0.8
345,classification,data_language,split_conformal_raps,split_conformal_raps_LogisticRegression,LogisticRegression,786,0.8
346,classification,data_language,split_conformal_raps,split_conformal_raps_RandomForest,RandomForest,786,0.8
347,classification,data_language,split_conformal_raps,split_conformal_raps_AdaBoost,AdaBoost,786,0.8
348,classification,data_language,split_conformal_raps,split_conformal_raps_MLP,MLP,786,0.8
349,classification,data_language,split_conformal_raps,split_conformal_raps_XGBoost,XGBoost,786,0.8
350,classification,data_yeast,split_conformal_raps,split_conformal_raps_LogisticRegression,LogisticRegression,777,0.8
351,classification,data_yeast,split_conformal_raps,split_conformal_raps_RandomForest,RandomForest,777,0.8
352,classification,data_yeast,split_conformal_raps,split_conformal_raps_AdaBoost,AdaBoost,777,0.8
353,classification,data_yeast,split_conformal_raps,split_conformal_raps_MLP,MLP,777,0.8
354,classification,data_yeast,split_conformal_raps,split_conformal_raps_XGBoost,XGBoost,777,0.8
355,classification,data_yeast,split_conformal_raps,split_conformal_raps_LogisticRegression,LogisticRegression,778,0.8
356,classification,data_yeast,split_conformal_raps,split_conformal_raps_RandomForest,RandomForest,778,0.8
357,classification,data_yeast,split_conformal_raps,split_conformal_raps_AdaBoost,AdaBoost,778,0.8
358,classification,data_yeast,split_conformal_raps,split_conformal_raps_MLP,MLP,778,0.8
359,classification,data_yeast,split_conformal_raps,split_conformal_raps_XGBoost,XGBoost,778,0.8
360,classification,data_yeast,split_conformal_raps,split_conformal_raps_LogisticRegression,LogisticRegression,779,0.8
361,classification,data_yeast,split_conformal_raps,split_conformal_raps_RandomForest,RandomForest,779,0.8
362,classification,data_yeast,split_conformal_raps,split_conformal_raps_AdaBoost,AdaBoost,779,0.8
363,classification,data_yeast,split_conformal_raps,split_conformal_raps_MLP,MLP,779,0.8
364,classification,data_yeast,split_conformal_raps,split_conformal_raps_XGBoost,XGBoost,779,0.8
365,classification,data_yeast,split_conformal_raps,split_conformal_raps_LogisticRegression,LogisticRegression,780,0.8
366,classification,data_yeast,split_conformal_raps,split_conformal_raps_RandomForest,RandomForest,780,0.8
367,classification,data_yeast,split_conformal_raps,split_conformal_raps_AdaBoost,AdaBoost,780,0.8
368,classification,data_yeast,split_conformal_raps,split_conformal_raps_MLP,MLP,780,0.8
369,classification,data_yeast,split_conformal_raps,split_conformal_raps_XGBoost,XGBoost,780,0.8
370,classification,data_yeast,split_conformal_raps,split_conformal_raps_LogisticRegression,LogisticRegression,781,0.8
371,classification,data_yeast,split_conformal_raps,split_conformal_raps_RandomForest,RandomForest,781,0.8
372,classification,data_yeast,split_conformal_raps,split_conformal_raps_AdaBoost,AdaBoost,781,0.8
373,classification,data_yeast,split_conformal_raps,split_conformal_raps_MLP,MLP,781,0.8
374,classification,data_yeast,split_conformal_raps,split_conformal_raps_XGBoost,XGBoost,781,0.8
375,classification,data_yeast,split_conformal_raps,split_conformal_raps_LogisticRegression,LogisticRegression,782,0.8
376,classification,data_yeast,split_conformal_raps,split_conformal_raps_RandomForest,RandomForest,782,0.8
377,classification,data_yeast,split_conformal_raps,split_conformal_raps_AdaBoost,AdaBoost,782,0.8
378,classification,data_yeast,split_conformal_raps,split_conformal_raps_MLP,MLP,782,0.8
379,classification,data_yeast,split_conformal_raps,split_conformal_raps_XGBoost,XGBoost,782,0.8
380,classification,data_yeast,split_conformal_raps,split_conformal_raps_LogisticRegression,LogisticRegression,783,0.8
381,classification,data_yeast,split_conformal_raps,split_conformal_raps_RandomForest,RandomForest,783,0.8
382,classification,data_yeast,split_conformal_raps,split_conformal_raps_AdaBoost,AdaBoost,783,0.8
383,classification,data_yeast,split_conformal_raps,split_conformal_raps_MLP,MLP,783,0.8
384,classification,data_yeast,split_conformal_raps,split_conformal_raps_XGBoost,XGBoost,783,0.8
385,classification,data_yeast,split_conformal_raps,split_conformal_raps_LogisticRegression,LogisticRegression,784,0.8
386,classification,data_yeast,split_conformal_raps,split_conformal_raps_RandomForest,RandomForest,784,0.8
387,classification,data_yeast,split_conformal_raps,split_conformal_raps_AdaBoost,AdaBoost,784,0.8
388,classification,data_yeast,split_conformal_raps,split_conformal_raps_MLP,MLP,784,0.8
389,classification,data_yeast,split_conformal_raps,split_conformal_raps_XGBoost,XGBoost,784,0.8
390,classification,data_yeast,split_conformal_raps,split_conformal_raps_LogisticRegression,LogisticRegression,785,0.8
391,classification,data_yeast,split_conformal_raps,split_conformal_raps_RandomForest,RandomForest,785,0.8
392,classification,data_yeast,split_conformal_raps,split_conformal_raps_AdaBoost,AdaBoost,785,0.8
393,classification,data_yeast,split_conformal_raps,split_conformal_raps_MLP,MLP,785,0.8
394,classification,data_yeast,split_conformal_raps,split_conformal_raps_XGBoost,XGBoost,785,0.8
395,classification,data_yeast,split_conformal_raps,split_conformal_raps_LogisticRegression,LogisticRegression,786,0.8
396,classification,data_yeast,split_conformal_raps,split_conformal_raps_RandomForest,RandomForest,786,0.8
397,classification,data_yeast,split_conformal_raps,split_conformal_raps_AdaBoost,AdaBoost,786,0.8
398,classification,data_yeast,split_conformal_raps,split_conformal_raps_MLP,MLP,786,0.8
399,classification,data_yeast,split_conformal_raps,split_conformal_raps_XGBoost,XGBoost,786,0.8
400,classification,data_chess,split_conformal_raps,split_conformal_raps_LogisticRegression,LogisticRegression,777,0.8
401,classification,data_chess,split_conformal_raps,split_conformal_raps_RandomForest,RandomForest,777,0.8
402,classification,data_chess,split_conformal_raps,split_conformal_raps_AdaBoost,AdaBoost,777,0.8
403,classification,data_chess,split_conformal_raps,split_conformal_raps_MLP,MLP,777,0.8
404,classification,data_chess,split_conformal_raps,split_conformal_raps_XGBoost,XGBoost,777,0.8
405,classification,data_chess,split_conformal_raps,split_conformal_raps_LogisticRegression,LogisticRegression,778,0.8
406,classification,data_chess,split_conformal_raps,split_conformal_raps_RandomForest,RandomForest,778,0.8
407,classification,data_chess,split_conformal_raps,split_conformal_raps_AdaBoost,AdaBoost,778,0.8
408,classification,data_chess,split_conformal_raps,split_conformal_raps_MLP,MLP,778,0.8
409,classification,data_chess,split_conformal_raps,split_conformal_raps_XGBoost,XGBoost,778,0.8
410,classification,data_chess,split_conformal_raps,split_conformal_raps_LogisticRegression,LogisticRegression,779,0.8
411,classification,data_chess,split_conformal_raps,split_conformal_raps_RandomForest,RandomForest,779,0.8
412,classification,data_chess,split_conformal_raps,split_conformal_raps_AdaBoost,AdaBoost,779,0.8
413,classification,data_chess,split_conformal_raps,split_conformal_raps_MLP,MLP,779,0.8
414,classification,data_chess,split_conformal_raps,split_conformal_raps_XGBoost,XGBoost,779,0.8
415,classification,data_chess,split_conformal_raps,split_conformal_raps_LogisticRegression,LogisticRegression,780,0.8
416,classification,data_chess,split_conformal_raps,split_conformal_raps_RandomForest,RandomForest,780,0.8
417,classification,data_chess,split_conformal_raps,split_conformal_raps_AdaBoost,AdaBoost,780,0.8
418,classification,data_chess,split_conformal_raps,split_conformal_raps_MLP,MLP,780,0.8
419,classification,data_chess,split_conformal_raps,split_conformal_raps_XGBoost,XGBoost,780,0.8
420,classification,data_chess,split_conformal_raps,split_conformal_raps_LogisticRegression,LogisticRegression,781,0.8
421,classification,data_chess,split_conformal_raps,split_conformal_raps_RandomForest,RandomForest,781,0.8
422,classification,data_chess,split_conformal_raps,split_conformal_raps_AdaBoost,AdaBoost,781,0.8
423,classification,data_chess,split_conformal_raps,split_conformal_raps_MLP,MLP,781,0.8
424,classification,data_chess,split_conformal_raps,split_conformal_raps_XGBoost,XGBoost,781,0.8
425,classification,data_chess,split_conformal_raps,split_conformal_raps_LogisticRegression,LogisticRegression,782,0.8
426,classification,data_chess,split_conformal_raps,split_conformal_raps_RandomForest,RandomForest,782,0.8
427,classification,data_chess,split_conformal_raps,split_conformal_raps_AdaBoost,AdaBoost,782,0.8
428,classification,data_chess,split_conformal_raps,split_conformal_raps_MLP,MLP,782,0.8
429,classification,data_chess,split_conformal_raps,split_conformal_raps_XGBoost,XGBoost,782,0.8
430,classification,data_chess,split_conformal_raps,split_conformal_raps_LogisticRegression,LogisticRegression,783,0.8
431,classification,data_chess,split_conformal_raps,split_conformal_raps_RandomForest,RandomForest,783,0.8
432,classification,data_chess,split_conformal_raps,split_conformal_raps_AdaBoost,AdaBoost,783,0.8
433,classification,data_chess,split_conformal_raps,split_conformal_raps_MLP,MLP,783,0.8
434,classification,data_chess,split_conformal_raps,split_conformal_raps_XGBoost,XGBoost,783,0.8
435,classification,data_chess,split_conformal_raps,split_conformal_raps_LogisticRegression,LogisticRegression,784,0.8
436,classification,data_chess,split_conformal_raps,split_conformal_raps_RandomForest,RandomForest,784,0.8
437,classification,data_chess,split_conformal_raps,split_conformal_raps_AdaBoost,AdaBoost,784,0.8
438,classification,data_chess,split_conformal_raps,split_conformal_raps_MLP,MLP,784,0.8
439,classification,data_chess,split_conformal_raps,split_conformal_raps_XGBoost,XGBoost,784,0.8
440,classification,data_chess,split_conformal_raps,split_conformal_raps_LogisticRegression,LogisticRegression,785,0.8
441,classification,data_chess,split_conformal_raps,split_conformal_raps_RandomForest,RandomForest,785,0.8
442,classification,data_chess,split_conformal_raps,split_conformal_raps_AdaBoost,AdaBoost,785,0.8
443,classification,data_chess,split_conformal_raps,split_conformal_raps_MLP,MLP,785,0.8
444,classification,data_chess,split_conformal_raps,split_conformal_raps_XGBoost,XGBoost,785,0.8
445,classification,data_chess,split_conformal_raps,split_conformal_raps_LogisticRegression,LogisticRegression,786,0.8
446,classification,data_chess,split_conformal_raps,split_conformal_raps_RandomForest,RandomForest,786,0.8
447,classification,data_chess,split_conformal_raps,split_conformal_raps_AdaBoost,AdaBoost,786,0.8
448,classification,data_chess,split_conformal_raps,split_conformal_raps_MLP,MLP,786,0.8
449,classification,data_chess,split_conformal_raps,split_conformal_raps_XGBoost,XGBoost,786,0.8
450,classification,data_cover_type,split_conformal_raps,split_conformal_raps_LogisticRegression,LogisticRegression,777,0.8
451,classification,data_cover_type,split_conformal_raps,split_conformal_raps_RandomForest,RandomForest,777,0.8
452,classification,data_cover_type,split_conformal_raps,split_conformal_raps_AdaBoost,AdaBoost,777,0.8
453,classification,data_cover_type,split_conformal_raps,split_conformal_raps_MLP,MLP,777,0.8
454,classification,data_cover_type,split_conformal_raps,split_conformal_raps_XGBoost,XGBoost,777,0.8
455,classification,data_cover_type,split_conformal_raps,split_conformal_raps_LogisticRegression,LogisticRegression,778,0.8
456,classification,data_cover_type,split_conformal_raps,split_conformal_raps_RandomForest,RandomForest,778,0.8
457,classification,data_cover_type,split_conformal_raps,split_conformal_raps_AdaBoost,AdaBoost,778,0.8
458,classification,data_cover_type,split_conformal_raps,split_conformal_raps_MLP,MLP,778,0.8
459,classification,data_cover_type,split_conformal_raps,split_conformal_raps_XGBoost,XGBoost,778,0.8
460,classification,data_cover_type,split_conformal_raps,split_conformal_raps_LogisticRegression,LogisticRegression,779,0.8
461,classification,data_cover_type,split_conformal_raps,split_conformal_raps_RandomForest,RandomForest,779,0.8
462,classification,data_cover_type,split_conformal_raps,split_conformal_raps_AdaBoost,AdaBoost,779,0.8
463,classification,data_cover_type,split_conformal_raps,split_conformal_raps_MLP,MLP,779,0.8
464,classification,data_cover_type,split_conformal_raps,split_conformal_raps_XGBoost,XGBoost,779,0.8
465,classification,data_cover_type,split_conformal_raps,split_conformal_raps_LogisticRegression,LogisticRegression,780,0.8
466,classification,data_cover_type,split_conformal_raps,split_conformal_raps_RandomForest,RandomForest,780,0.8
467,classification,data_cover_type,split_conformal_raps,split_conformal_raps_AdaBoost,AdaBoost,780,0.8
468,classification,data_cover_type,split_conformal_raps,split_conformal_raps_MLP,MLP,780,0.8
469,classification,data_cover_type,split_conformal_raps,split_conformal_raps_XGBoost,XGBoost,780,0.8
470,classification,data_cover_type,split_conformal_raps,split_conformal_raps_LogisticRegression,LogisticRegression,781,0.8
471,classification,data_cover_type,split_conformal_raps,split_conformal_raps_RandomForest,RandomForest,781,0.8
472,classification,data_cover_type,split_conformal_raps,split_conformal_raps_AdaBoost,AdaBoost,781,0.8
473,classification,data_cover_type,split_conformal_raps,split_conformal_raps_MLP,MLP,781,0.8
474,classification,data_cover_type,split_conformal_raps,split_conformal_raps_XGBoost,XGBoost,781,0.8
475,classification,data_cover_type,split_conformal_raps,split_conformal_raps_LogisticRegression,LogisticRegression,782,0.8
476,classification,data_cover_type,split_conformal_raps,split_conformal_raps_RandomForest,RandomForest,782,0.8
477,classification,data_cover_type,split_conformal_raps,split_conformal_raps_AdaBoost,AdaBoost,782,0.8
478,classification,data_cover_type,split_conformal_raps,split_conformal_raps_MLP,MLP,782,0.8
479,classification,data_cover_type,split_conformal_raps,split_conformal_raps_XGBoost,XGBoost,782,0.8
480,classification,data_cover_type,split_conformal_raps,split_conformal_raps_LogisticRegression,LogisticRegression,783,0.8
481,classification,data_cover_type,split_conformal_raps,split_conformal_raps_RandomForest,RandomForest,783,0.8
482,classification,data_cover_type,split_conformal_raps,split_conformal_raps_AdaBoost,AdaBoost,783,0.8
483,classification,data_cover_type,split_conformal_raps,split_conformal_raps_MLP,MLP,783,0.8
484,classification,data_cover_type,split_conformal_raps,split_conformal_raps_XGBoost,XGBoost,783,0.8
485,classification,data_cover_type,split_conformal_raps,split_conformal_raps_LogisticRegression,LogisticRegression,784,0.8
486,classification,data_cover_type,split_conformal_raps,split_conformal_raps_RandomForest,RandomForest,784,0.8
487,classification,data_cover_type,split_conformal_raps,split_conformal_raps_AdaBoost,AdaBoost,784,0.8
488,classification,data_cover_type,split_conformal_raps,split_conformal_raps_MLP,MLP,784,0.8
489,classification,data_cover_type,split_conformal_raps,split_conformal_raps_XGBoost,XGBoost,784,0.8
490,classification,data_cover_type,split_conformal_raps,split_conformal_raps_LogisticRegression,LogisticRegression,785,0.8
491,classification,data_cover_type,split_conformal_raps,split_conformal_raps_RandomForest,RandomForest,785,0.8
492,classification,data_cover_type,split_conformal_raps,split_conformal_raps_AdaBoost,AdaBoost,785,0.8
493,classification,data_cover_type,split_conformal_raps,split_conformal_raps_MLP,MLP,785,0.8
494,classification,data_cover_type,split_conformal_raps,split_conformal_raps_XGBoost,XGBoost,785,0.8
495,classification,data_cover_type,split_conformal_raps,split_conformal_raps_LogisticRegression,LogisticRegression,786,0.8
496,classification,data_cover_type,split_conformal_raps,split_conformal_raps_RandomForest,RandomForest,786,0.8
497,classification,data_cover_type,split_conformal_raps,split_conformal_raps_AdaBoost,AdaBoost,786,0.8
498,classification,data_cover_type,split_conformal_raps,split_conformal_raps_MLP,MLP,786,0.8
499,classification,data_cover_type,split_conformal_raps,split_conformal_raps_XGBoost,XGBoost,786,0.8
500,classification,data_isolet,split_conformal_raps,split_conformal_raps_LogisticRegression,LogisticRegression,777,0.8
501,classification,data_isolet,split_conformal_raps,split_conformal_raps_RandomForest,RandomForest,777,0.8
502,classification,data_isolet,split_conformal_raps,split_conformal_raps_AdaBoost,AdaBoost,777,0.8
503,classification,data_isolet,split_conformal_raps,split_conformal_raps_MLP,MLP,777,0.8
504,classification,data_isolet,split_conformal_raps,split_conformal_raps_XGBoost,XGBoost,777,0.8
505,classification,data_isolet,split_conformal_raps,split_conformal_raps_LogisticRegression,LogisticRegression,778,0.8
506,classification,data_isolet,split_conformal_raps,split_conformal_raps_RandomForest,RandomForest,778,0.8
507,classification,data_isolet,split_conformal_raps,split_conformal_raps_AdaBoost,AdaBoost,778,0.8
508,classification,data_isolet,split_conformal_raps,split_conformal_raps_MLP,MLP,778,0.8
509,classification,data_isolet,split_conformal_raps,split_conformal_raps_XGBoost,XGBoost,778,0.8
510,classification,data_isolet,split_conformal_raps,split_conformal_raps_LogisticRegression,LogisticRegression,779,0.8
511,classification,data_isolet,split_conformal_raps,split_conformal_raps_RandomForest,RandomForest,779,0.8
512,classification,data_isolet,split_conformal_raps,split_conformal_raps_AdaBoost,AdaBoost,779,0.8
513,classification,data_isolet,split_conformal_raps,split_conformal_raps_MLP,MLP,779,0.8
514,classification,data_isolet,split_conformal_raps,split_conformal_raps_XGBoost,XGBoost,779,0.8
515,classification,data_isolet,split_conformal_raps,split_conformal_raps_LogisticRegression,LogisticRegression,780,0.8
516,classification,data_isolet,split_conformal_raps,split_conformal_raps_RandomForest,RandomForest,780,0.8
517,classification,data_isolet,split_conformal_raps,split_conformal_raps_AdaBoost,AdaBoost,780,0.8
518,classification,data_isolet,split_conformal_raps,split_conformal_raps_MLP,MLP,780,0.8
519,classification,data_isolet,split_conformal_raps,split_conformal_raps_XGBoost,XGBoost,780,0.8
520,classification,data_isolet,split_conformal_raps,split_conformal_raps_LogisticRegression,LogisticRegression,781,0.8
521,classification,data_isolet,split_conformal_raps,split_conformal_raps_RandomForest,RandomForest,781,0.8
522,classification,data_isolet,split_conformal_raps,split_conformal_raps_AdaBoost,AdaBoost,781,0.8
523,classification,data_isolet,split_conformal_raps,split_conformal_raps_MLP,MLP,781,0.8
524,classification,data_isolet,split_conformal_raps,split_conformal_raps_XGBoost,XGBoost,781,0.8
525,classification,data_isolet,split_conformal_raps,split_conformal_raps_LogisticRegression,LogisticRegression,782,0.8
526,classification,data_isolet,split_conformal_raps,split_conformal_raps_RandomForest,RandomForest,782,0.8
527,classification,data_isolet,split_conformal_raps,split_conformal_raps_AdaBoost,AdaBoost,782,0.8
528,classification,data_isolet,split_conformal_raps,split_conformal_raps_MLP,MLP,782,0.8
529,classification,data_isolet,split_conformal_raps,split_conformal_raps_XGBoost,XGBoost,782,0.8
530,classification,data_isolet,split_conformal_raps,split_conformal_raps_LogisticRegression,LogisticRegression,783,0.8
531,classification,data_isolet,split_conformal_raps,split_conformal_raps_RandomForest,RandomForest,783,0.8
532,classification,data_isolet,split_conformal_raps,split_conformal_raps_AdaBoost,AdaBoost,783,0.8
533,classification,data_isolet,split_conformal_raps,split_conformal_raps_MLP,MLP,783,0.8
534,classification,data_isolet,split_conformal_raps,split_conformal_raps_XGBoost,XGBoost,783,0.8
535,classification,data_isolet,split_conformal_raps,split_conformal_raps_LogisticRegression,LogisticRegression,784,0.8
536,classification,data_isolet,split_conformal_raps,split_conformal_raps_RandomForest,RandomForest,784,0.8
537,classification,data_isolet,split_conformal_raps,split_conformal_raps_AdaBoost,AdaBoost,784,0.8
538,classification,data_isolet,split_conformal_raps,split_conformal_raps_MLP,MLP,784,0.8
539,classification,data_isolet,split_conformal_raps,split_conformal_raps_XGBoost,XGBoost,784,0.8
540,classification,data_isolet,split_conformal_raps,split_conformal_raps_LogisticRegression,LogisticRegression,785,0.8
541,classification,data_isolet,split_conformal_raps,split_conformal_raps_RandomForest,RandomForest,785,0.8
542,classification,data_isolet,split_conformal_raps,split_conformal_raps_AdaBoost,AdaBoost,785,0.8
543,classification,data_isolet,split_conformal_raps,split_conformal_raps_MLP,MLP,785,0.8
544,classification,data_isolet,split_conformal_raps,split_conformal_raps_XGBoost,XGBoost,785,0.8
545,classification,data_isolet,split_conformal_raps,split_conformal_raps_LogisticRegression,LogisticRegression,786,0.8
546,classification,data_isolet,split_conformal_raps,split_conformal_raps_RandomForest,RandomForest,786,0.8
547,classification,data_isolet,split_conformal_raps,split_conformal_raps_AdaBoost,AdaBoost,786,0.8
548,classification,data_isolet,split_conformal_raps,split_conformal_raps_MLP,MLP,786,0.8
549,classification,data_isolet,split_conformal_raps,split_conformal_raps_XGBoost,XGBoost,786,0.8
550,classification,data_dionis,split_conformal_raps,split_conformal_raps_LogisticRegression,LogisticRegression,777,0.8
551,classification,data_dionis,split_conformal_raps,split_conformal_raps_RandomForest,RandomForest,777,0.8
552,classification,data_dionis,split_conformal_raps,split_conformal_raps_AdaBoost,AdaBoost,777,0.8
553,classification,data_dionis,split_conformal_raps,split_conformal_raps_MLP,MLP,777,0.8
554,classification,data_dionis,split_conformal_raps,split_conformal_raps_XGBoost,XGBoost,777,0.8
555,classification,data_dionis,split_conformal_raps,split_conformal_raps_LogisticRegression,LogisticRegression,778,0.8
556,classification,data_dionis,split_conformal_raps,split_conformal_raps_RandomForest,RandomForest,778,0.8
557,classification,data_dionis,split_conformal_raps,split_conformal_raps_AdaBoost,AdaBoost,778,0.8
558,classification,data_dionis,split_conformal_raps,split_conformal_raps_MLP,MLP,778,0.8
559,classification,data_dionis,split_conformal_raps,split_conformal_raps_XGBoost,XGBoost,778,0.8
560,classification,data_dionis,split_conformal_raps,split_conformal_raps_LogisticRegression,LogisticRegression,779,0.8
561,classification,data_dionis,split_conformal_raps,split_conformal_raps_RandomForest,RandomForest,779,0.8
562,classification,data_dionis,split_conformal_raps,split_conformal_raps_AdaBoost,AdaBoost,779,0.8
563,classification,data_dionis,split_conformal_raps,split_conformal_raps_MLP,MLP,779,0.8
564,classification,data_dionis,split_conformal_raps,split_conformal_raps_XGBoost,XGBoost,779,0.8
565,classification,data_dionis,split_conformal_raps,split_conformal_raps_LogisticRegression,LogisticRegression,780,0.8
566,classification,data_dionis,split_conformal_raps,split_conformal_raps_RandomForest,RandomForest,780,0.8
567,classification,data_dionis,split_conformal_raps,split_conformal_raps_AdaBoost,AdaBoost,780,0.8
568,classification,data_dionis,split_conformal_raps,split_conformal_raps_MLP,MLP,780,0.8
569,classification,data_dionis,split_conformal_raps,split_conformal_raps_XGBoost,XGBoost,780,0.8
570,classification,data_dionis,split_conformal_raps,split_conformal_raps_LogisticRegression,LogisticRegression,781,0.8
571,classification,data_dionis,split_conformal_raps,split_conformal_raps_RandomForest,RandomForest,781,0.8
572,classification,data_dionis,split_conformal_raps,split_conformal_raps_AdaBoost,AdaBoost,781,0.8
573,classification,data_dionis,split_conformal_raps,split_conformal_raps_MLP,MLP,781,0.8
574,classification,data_dionis,split_conformal_raps,split_conformal_raps_XGBoost,XGBoost,781,0.8
575,classification,data_dionis,split_conformal_raps,split_conformal_raps_LogisticRegression,LogisticRegression,782,0.8
576,classification,data_dionis,split_conformal_raps,split_conformal_raps_RandomForest,RandomForest,782,0.8
577,classification,data_dionis,split_conformal_raps,split_conformal_raps_AdaBoost,AdaBoost,782,0.8
578,classification,data_dionis,split_conformal_raps,split_conformal_raps_MLP,MLP,782,0.8
579,classification,data_dionis,split_conformal_raps,split_conformal_raps_XGBoost,XGBoost,782,0.8
580,classification,data_dionis,split_conformal_raps,split_conformal_raps_LogisticRegression,LogisticRegression,783,0.8
581,classification,data_dionis,split_conformal_raps,split_conformal_raps_RandomForest,RandomForest,783,0.8
582,classification,data_dionis,split_conformal_raps,split_conformal_raps_AdaBoost,AdaBoost,783,0.8
583,classification,data_dionis,split_conformal_raps,split_conformal_raps_MLP,MLP,783,0.8
584,classification,data_dionis,split_conformal_raps,split_conformal_raps_XGBoost,XGBoost,783,0.8
585,classification,data_dionis,split_conformal_raps,split_conformal_raps_LogisticRegression,LogisticRegression,784,0.8
586,classification,data_dionis,split_conformal_raps,split_conformal_raps_RandomForest,RandomForest,784,0.8
587,classification,data_dionis,split_conformal_raps,split_conformal_raps_AdaBoost,AdaBoost,784,0.8
588,classification,data_dionis,split_conformal_raps,split_conformal_raps_MLP,MLP,784,0.8
589,classification,data_dionis,split_conformal_raps,split_conformal_raps_XGBoost,XGBoost,784,0.8
590,classification,data_dionis,split_conformal_raps,split_conformal_raps_LogisticRegression,LogisticRegression,785,0.8
591,classification,data_dionis,split_conformal_raps,split_conformal_raps_RandomForest,RandomForest,785,0.8
592,classification,data_dionis,split_conformal_raps,split_conformal_raps_AdaBoost,AdaBoost,785,0.8
593,classification,data_dionis,split_conformal_raps,split_conformal_raps_MLP,MLP,785,0.8
594,classification,data_dionis,split_conformal_raps,split_conformal_raps_XGBoost,XGBoost,785,0.8
595,classification,data_dionis,split_conformal_raps,split_conformal_raps_LogisticRegression,LogisticRegression,786,0.8
596,classification,data_dionis,split_conformal_raps,split_conformal_raps_RandomForest,RandomForest,786,0.8
597,classification,data_dionis,split_conformal_raps,split_conformal_raps_AdaBoost,AdaBoost,786,0.8
598,classification,data_dionis,split_conformal_raps,split_conformal_raps_MLP,MLP,786,0.8
599,classification,data_dionis,split_conformal_raps,split_conformal_raps_XGBoost,XGBoost,786,0.8
600,classification,data_language,majority_vote,majority_vote,__candidate_pool__,777,0.8
601,classification,data_language,majority_vote,majority_vote,__candidate_pool__,778,0.8
602,classification,data_language,majority_vote,majority_vote,__candidate_pool__,779,0.8
603,classification,data_language,majority_vote,majority_vote,__candidate_pool__,780,0.8
604,classification,data_language,majority_vote,majority_vote,__candidate_pool__,781,0.8
605,classification,data_language,majority_vote,majority_vote,__candidate_pool__,782,0.8
606,classification,data_language,majority_vote,majority_vote,__candidate_pool__,783,0.8
607,classification,data_language,majority_vote,majority_vote,__candidate_pool__,784,0.8
608,classification,data_language,majority_vote,majority_vote,__candidate_pool__,785,0.8
609,classification,data_language,majority_vote,majority_vote,__candidate_pool__,786,0.8
610,classification,data_yeast,majority_vote,majority_vote,__candidate_pool__,777,0.8
611,classification,data_yeast,majority_vote,majority_vote,__candidate_pool__,778,0.8
612,classification,data_yeast,majority_vote,majority_vote,__candidate_pool__,779,0.8
613,classification,data_yeast,majority_vote,majority_vote,__candidate_pool__,780,0.8
614,classification,data_yeast,majority_vote,majority_vote,__candidate_pool__,781,0.8
615,classification,data_yeast,majority_vote,majority_vote,__candidate_pool__,782,0.8
616,classification,data_yeast,majority_vote,majority_vote,__candidate_pool__,783,0.8
617,classification,data_yeast,majority_vote,majority_vote,__candidate_pool__,784,0.8
618,classification,data_yeast,majority_vote,majority_vote,__candidate_pool__,785,0.8
619,classification,data_yeast,majority_vote,majority_vote,__candidate_pool__,786,0.8
620,classification,data_chess,majority_vote,majority_vote,__candidate_pool__,777,0.8
621,classification,data_chess,majority_vote,majority_vote,__candidate_pool__,778,0.8
622,classification,data_chess,majority_vote,majority_vote,__candidate_pool__,779,0.8
623,classification,data_chess,majority_vote,majority_vote,__candidate_pool__,780,0.8
624,classification,data_chess,majority_vote,majority_vote,__candidate_pool__,781,0.8
625,classification,data_chess,majority_vote,majority_vote,__candidate_pool__,782,0.8
626,classification,data_chess,majority_vote,majority_vote,__candidate_pool__,783,0.8
627,classification,data_chess,majority_vote,majority_vote,__candidate_pool__,784,0.8
628,classification,data_chess,majority_vote,majority_vote,__candidate_pool__,785,0.8
629,classification,data_chess,majority_vote,majority_vote,__candidate_pool__,786,0.8
630,classification,data_cover_type,majority_vote,majority_vote,__candidate_pool__,777,0.8
631,classification,data_cover_type,majority_vote,majority_vote,__candidate_pool__,778,0.8
632,classification,data_cover_type,majority_vote,majority_vote,__candidate_pool__,779,0.8
633,classification,data_cover_type,majority_vote,majority_vote,__candidate_pool__,780,0.8
634,classification,data_cover_type,majority_vote,majority_vote,__candidate_pool__,781,0.8
635,classification,data_cover_type,majority_vote,majority_vote,__candidate_pool__,782,0.8
636,classification,data_cover_type,majority_vote,majority_vote,__candidate_pool__,783,0.8
637,classification,data_cover_type,majority_vote,majority_vote,__candidate_pool__,784,0.8
638,classification,data_cover_type,majority_vote,majority_vote,__candidate_pool__,785,0.8
639,classification,data_cover_type,majority_vote,majority_vote,__candidate_pool__,786,0.8
640,classification,data_isolet,majority_vote,majority_vote,__candidate_pool__,777,0.8
641,classification,data_isolet,majority_vote,majority_vote,__candidate_pool__,778,0.8
642,classification,data_isolet,majority_vote,majority_vote,__candidate_pool__,779,0.8
643,classification,data_isolet,majority_vote,majority_vote,__candidate_pool__,780,0.8
644,classification,data_isolet,majority_vote,majority_vote,__candidate_pool__,781,0.8
645,classification,data_isolet,majority_vote,majority_vote,__candidate_pool__,782,0.8
646,classification,data_isolet,majority_vote,majority_vote,__candidate_pool__,783,0.8
647,classification,data_isolet,majority_vote,majority_vote,__candidate_pool__,784,0.8
648,classification,data_isolet,majority_vote,majority_vote,__candidate_pool__,785,0.8
649,classification,data_isolet,majority_vote,majority_vote,__candidate_pool__,786,0.8
650,classification,data_dionis,majority_vote,majority_vote,__candidate_pool__,777,0.8
651,classification,data_dionis,majority_vote,majority_vote,__candidate_pool__,778,0.8
652,classification,data_dionis,majority_vote,majority_vote,__candidate_pool__,779,0.8
653,classification,data_dionis,majority_vote,majority_vote,__candidate_pool__,780,0.8
654,classification,data_dionis,majority_vote,majority_vote,__candidate_pool__,781,0.8
655,classification,data_dionis,majority_vote,majority_vote,__candidate_pool__,782,0.8
656,classification,data_dionis,majority_vote,majority_vote,__candidate_pool__,783,0.8
657,classification,data_dionis,majority_vote,majority_vote,__candidate_pool__,784,0.8
658,classification,data_dionis,majority_vote,majority_vote,__candidate_pool__,785,0.8
659,classification,data_dionis,majority_vote,majority_vote,__candidate_pool__,786,0.8
660,classification,data_language,pcs_oob,pcs_oob,__candidate_pool__,777,0.8
661,classification,data_language,pcs_oob,pcs_oob,__candidate_pool__,778,0.8
662,classification,data_language,pcs_oob,pcs_oob,__candidate_pool__,779,0.8
663,classification,data_language,pcs_oob,pcs_oob,__candidate_pool__,780,0.8
664,classification,data_language,pcs_oob,pcs_oob,__candidate_pool__,781,0.8
665,classification,data_language,pcs_oob,pcs_oob,__candidate_pool__,782,0.8
666,classification,data_language,pcs_oob,pcs_oob,__candidate_pool__,783,0.8
667,classification,data_language,pcs_oob,pcs_oob,__candidate_pool__,784,0.8
668,classification,data_language,pcs_oob,pcs_oob,__candidate_pool__,785,0.8
669,classification,data_language,pcs_oob,pcs_oob,__candidate_pool__,786,0.8
670,classification,data_yeast,pcs_oob,pcs_oob,__candidate_pool__,777,0.8
671,classification,data_yeast,pcs_oob,pcs_oob,__candidate_pool__,778,0.8
672,classification,data_yeast,pcs_oob,pcs_oob,__candidate_pool__,779,0.8
673,classification,data_yeast,pcs_oob,pcs_oob,__candidate_pool__,780,0.8
674,classification,data_yeast,pcs_oob,pcs_oob,__candidate_pool__,781,0.8
675,classification,data_yeast,pcs_oob,pcs_oob,__candidate_pool__,782,0.8
676,classification,data_yeast,pcs_oob,pcs_oob,__candidate_pool__,783,0.8
677,classification,data_yeast,pcs_oob,pcs_oob,__candidate_pool__,784,0.8
678,classification,data_yeast,pcs_oob,pcs_oob,__candidate_pool__,785,0.8
679,classification,data_yeast,pcs_oob,pcs_oob,__candidate_pool__,786,0.8
680,classification,data_chess,pcs_oob,pcs_oob,__candidate_pool__,777,0.8
681,classification,data_chess,pcs_oob,pcs_oob,__candidate_pool__,778,0.8
682,classification,data_chess,pcs_oob,pcs_oob,__candidate_pool__,779,0.8
683,classification,data_chess,pcs_oob,pcs_oob,__candidate_pool__,780,0.8
684,classification,data_chess,pcs_oob,pcs_oob,__candidate_pool__,781,0.8
685,classification,data_chess,pcs_oob,pcs_oob,__candidate_pool__,782,0.8
686,classification,data_chess,pcs_oob,pcs_oob,__candidate_pool__,783,0.8
687,classification,data_chess,pcs_oob,pcs_oob,__candidate_pool__,784,0.8
688,classification,data_chess,pcs_oob,pcs_oob,__candidate_pool__,785,0.8
689,classification,data_chess,pcs_oob,pcs_oob,__candidate_pool__,786,0.8
690,classification,data_cover_type,pcs_oob,pcs_oob,__candidate_pool__,777,0.8
691,classification,data_cover_type,pcs_oob,pcs_oob,__candidate_pool__,778,0.8
692,classification,data_cover_type,pcs_oob,pcs_oob,__candidate_pool__,779,0.8
693,classification,data_cover_type,pcs_oob,pcs_oob,__candidate_pool__,780,0.8
694,classification,data_cover_type,pcs_oob,pcs_oob,__candidate_pool__,781,0.8
695,classification,data_cover_type,pcs_oob,pcs_oob,__candidate_pool__,782,0.8
696,classification,data_cover_type,pcs_oob,pcs_oob,__candidate_pool__,783,0.8
697,classification,data_cover_type,pcs_oob,pcs_oob,__candidate_pool__,784,0.8
698,classification,data_cover_type,pcs_oob,pcs_oob,__candidate_pool__,785,0.8
699,classification,data_cover_type,pcs_oob,pcs_oob,__candidate_pool__,786,0.8
700,classification,data_isolet,pcs_oob,pcs_oob,__candidate_pool__,777,0.8
701,classification,data_isolet,pcs_oob,pcs_oob,__candidate_pool__,778,0.8
702,classification,data_isolet,pcs_oob,pcs_oob,__candidate_pool__,779,0.8
703,classification,data_isolet,pcs_oob,pcs_oob,__candidate_pool__,780,0.8
704,classification,data_isolet,pcs_oob,pcs_oob,__candidate_pool__,781,0.8
705,classification,data_isolet,pcs_oob,pcs_oob,__candidate_pool__,782,0.8
706,classification,data_isolet,pcs_oob,pcs_oob,__candidate_pool__,783,0.8
707,classification,data_isolet,pcs_oob,pcs_oob,__candidate_pool__,784,0.8
708,classification,data_isolet,pcs_oob,pcs_oob,__candidate_pool__,785,0.8
709,classification,data_isolet,pcs_oob,pcs_oob,__candidate_pool__,786,0.8
710,classification,data_dionis,pcs_oob,pcs_oob,__candidate_pool__,777,0.8
711,classification,data_dionis,pcs_oob,pcs_oob,__candidate_pool__,778,0.8
712,classification,data_dionis,pcs_oob,pcs_oob,__candidate_pool__,779,0.8
713,classification,data_dionis,pcs_oob,pcs_oob,__candidate_pool__,780,0.8
714,classification,data_dionis,pcs_oob,pcs_oob,__candidate_pool__,781,0.8
715,classification,data_dionis,pcs_oob,pcs_oob,__candidate_pool__,782,0.8
716,classification,data_dionis,pcs_oob,pcs_oob,__candidate_pool__,783,0.8
717,classification,data_dionis,pcs_oob,pcs_oob,__candidate_pool__,784,0.8
718,classification,data_dionis,pcs_oob,pcs_oob,__candidate_pool__,785,0.8
719,classification,data_dionis,pcs_oob,pcs_oob,__candidate_pool__,786,0.8
720,classification,data_language,split_conformal_topk,split_conformal_topk_LogisticRegression,LogisticRegression,777,0.8
721,classification,data_language,split_conformal_topk,split_conformal_topk_RandomForest,RandomForest,777,0.8
722,classification,data_language,split_conformal_topk,split_conformal_topk_AdaBoost,AdaBoost,777,0.8
723,classification,data_language,split_conformal_topk,split_conformal_topk_MLP,MLP,777,0.8
724,classification,data_language,split_conformal_topk,split_conformal_topk_XGBoost,XGBoost,777,0.8
725,classification,data_language,split_conformal_topk,split_conformal_topk_LogisticRegression,LogisticRegression,778,0.8
726,classification,data_language,split_conformal_topk,split_conformal_topk_RandomForest,RandomForest,778,0.8
727,classification,data_language,split_conformal_topk,split_conformal_topk_AdaBoost,AdaBoost,778,0.8
728,classification,data_language,split_conformal_topk,split_conformal_topk_MLP,MLP,778,0.8
729,classification,data_language,split_conformal_topk,split_conformal_topk_XGBoost,XGBoost,778,0.8
730,classification,data_language,split_conformal_topk,split_conformal_topk_LogisticRegression,LogisticRegression,779,0.8
731,classification,data_language,split_conformal_topk,split_conformal_topk_RandomForest,RandomForest,779,0.8
732,classification,data_language,split_conformal_topk,split_conformal_topk_AdaBoost,AdaBoost,779,0.8
733,classification,data_language,split_conformal_topk,split_conformal_topk_MLP,MLP,779,0.8
734,classification,data_language,split_conformal_topk,split_conformal_topk_XGBoost,XGBoost,779,0.8
735,classification,data_language,split_conformal_topk,split_conformal_topk_LogisticRegression,LogisticRegression,780,0.8
736,classification,data_language,split_conformal_topk,split_conformal_topk_RandomForest,RandomForest,780,0.8
737,classification,data_language,split_conformal_topk,split_conformal_topk_AdaBoost,AdaBoost,780,0.8
738,classification,data_language,split_conformal_topk,split_conformal_topk_MLP,MLP,780,0.8
739,classification,data_language,split_conformal_topk,split_conformal_topk_XGBoost,XGBoost,780,0.8
740,classification,data_language,split_conformal_topk,split_conformal_topk_LogisticRegression,LogisticRegression,781,0.8
741,classification,data_language,split_conformal_topk,split_conformal_topk_RandomForest,RandomForest,781,0.8
742,classification,data_language,split_conformal_topk,split_conformal_topk_AdaBoost,AdaBoost,781,0.8
743,classification,data_language,split_conformal_topk,split_conformal_topk_MLP,MLP,781,0.8
744,classification,data_language,split_conformal_topk,split_conformal_topk_XGBoost,XGBoost,781,0.8
745,classification,data_language,split_conformal_topk,split_conformal_topk_LogisticRegression,LogisticRegression,782,0.8
746,classification,data_language,split_conformal_topk,split_conformal_topk_RandomForest,RandomForest,782,0.8
747,classification,data_language,split_conformal_topk,split_conformal_topk_AdaBoost,AdaBoost,782,0.8
748,classification,data_language,split_conformal_topk,split_conformal_topk_MLP,MLP,782,0.8
749,classification,data_language,split_conformal_topk,split_conformal_topk_XGBoost,XGBoost,782,0.8
750,classification,data_language,split_conformal_topk,split_conformal_topk_LogisticRegression,LogisticRegression,783,0.8
751,classification,data_language,split_conformal_topk,split_conformal_topk_RandomForest,RandomForest,783,0.8
752,classification,data_language,split_conformal_topk,split_conformal_topk_AdaBoost,AdaBoost,783,0.8
753,classification,data_language,split_conformal_topk,split_conformal_topk_MLP,MLP,783,0.8
754,classification,data_language,split_conformal_topk,split_conformal_topk_XGBoost,XGBoost,783,0.8
755,classification,data_language,split_conformal_topk,split_conformal_topk_LogisticRegression,LogisticRegression,784,0.8
756,classification,data_language,split_conformal_topk,split_conformal_topk_RandomForest,RandomForest,784,0.8
757,classification,data_language,split_conformal_topk,split_conformal_topk_AdaBoost,AdaBoost,784,0.8
758,classification,data_language,split_conformal_topk,split_conformal_topk_MLP,MLP,784,0.8
759,classification,data_language,split_conformal_topk,split_conformal_topk_XGBoost,XGBoost,784,0.8
760,classification,data_language,split_conformal_topk,split_conformal_topk_LogisticRegression,LogisticRegression,785,0.8
761,classification,data_language,split_conformal_topk,split_conformal_topk_RandomForest,RandomForest,785,0.8
762,classification,data_language,split_conformal_topk,split_conformal_topk_AdaBoost,AdaBoost,785,0.8
763,classification,data_language,split_conformal_topk,split_conformal_topk_MLP,MLP,785,0.8
764,classification,data_language,split_conformal_topk,split_conformal_topk_XGBoost,XGBoost,785,0.8
765,classification,data_language,split_conformal_topk,split_conformal_topk_LogisticRegression,LogisticRegression,786,0.8
766,classification,data_language,split_conformal_topk,split_conformal_topk_RandomForest,RandomForest,786,0.8
767,classification,data_language,split_conformal_topk,split_conformal_topk_AdaBoost,AdaBoost,786,0.8
768,classification,data_language,split_conformal_topk,split_conformal_topk_MLP,MLP,786,0.8
769,classification,data_language,split_conformal_topk,split_conformal_topk_XGBoost,XGBoost,786,0.8
770,classification,data_yeast,split_conformal_topk,split_conformal_topk_LogisticRegression,LogisticRegression,777,0.8
771,classification,data_yeast,split_conformal_topk,split_conformal_topk_RandomForest,RandomForest,777,0.8
772,classification,data_yeast,split_conformal_topk,split_conformal_topk_AdaBoost,AdaBoost,777,0.8
773,classification,data_yeast,split_conformal_topk,split_conformal_topk_MLP,MLP,777,0.8
774,classification,data_yeast,split_conformal_topk,split_conformal_topk_XGBoost,XGBoost,777,0.8
775,classification,data_yeast,split_conformal_topk,split_conformal_topk_LogisticRegression,LogisticRegression,778,0.8
776,classification,data_yeast,split_conformal_topk,split_conformal_topk_RandomForest,RandomForest,778,0.8
777,classification,data_yeast,split_conformal_topk,split_conformal_topk_AdaBoost,AdaBoost,778,0.8
778,classification,data_yeast,split_conformal_topk,split_conformal_topk_MLP,MLP,778,0.8
779,classification,data_yeast,split_conformal_topk,split_conformal_topk_XGBoost,XGBoost,778,0.8
780,classification,data_yeast,split_conformal_topk,split_conformal_topk_LogisticRegression,LogisticRegression,779,0.8
781,classification,data_yeast,split_conformal_topk,split_conformal_topk_RandomForest,RandomForest,779,0.8
782,classification,data_yeast,split_conformal_topk,split_conformal_topk_AdaBoost,AdaBoost,779,0.8
783,classification,data_yeast,split_conformal_topk,split_conformal_topk_MLP,MLP,779,0.8
784,classification,data_yeast,split_conformal_topk,split_conformal_topk_XGBoost,XGBoost,779,0.8
785,classification,data_yeast,split_conformal_topk,split_conformal_topk_LogisticRegression,LogisticRegression,780,0.8
786,classification,data_yeast,split_conformal_topk,split_conformal_topk_RandomForest,RandomForest,780,0.8
787,classification,data_yeast,split_conformal_topk,split_conformal_topk_AdaBoost,AdaBoost,780,0.8
788,classification,data_yeast,split_conformal_topk,split_conformal_topk_MLP,MLP,780,0.8
789,classification,data_yeast,split_conformal_topk,split_conformal_topk_XGBoost,XGBoost,780,0.8
790,classification,data_yeast,split_conformal_topk,split_conformal_topk_LogisticRegression,LogisticRegression,781,0.8
791,classification,data_yeast,split_conformal_topk,split_conformal_topk_RandomForest,RandomForest,781,0.8
792,classification,data_yeast,split_conformal_topk,split_conformal_topk_AdaBoost,AdaBoost,781,0.8
793,classification,data_yeast,split_conformal_topk,split_conformal_topk_MLP,MLP,781,0.8
794,classification,data_yeast,split_conformal_topk,split_conformal_topk_XGBoost,XGBoost,781,0.8
795,classification,data_yeast,split_conformal_topk,split_conformal_topk_LogisticRegression,LogisticRegression,782,0.8
796,classification,data_yeast,split_conformal_topk,split_conformal_topk_RandomForest,RandomForest,782,0.8
797,classification,data_yeast,split_conformal_topk,split_conformal_topk_AdaBoost,AdaBoost,782,0.8
798,classification,data_yeast,split_conformal_topk,split_conformal_topk_MLP,MLP,782,0.8
799,classification,data_yeast,split_conformal_topk,split_conformal_topk_XGBoost,XGBoost,782,0.8
800,classification,data_yeast,split_conformal_topk,split_conformal_topk_LogisticRegression,LogisticRegression,783,0.8
801,classification,data_yeast,split_conformal_topk,split_conformal_topk_RandomForest,RandomForest,783,0.8
802,classification,data_yeast,split_conformal_topk,split_conformal_topk_AdaBoost,AdaBoost,783,0.8
803,classification,data_yeast,split_conformal_topk,split_conformal_topk_MLP,MLP,783,0.8
804,classification,data_yeast,split_conformal_topk,split_conformal_topk_XGBoost,XGBoost,783,0.8
805,classification,data_yeast,split_conformal_topk,split_conformal_topk_LogisticRegression,LogisticRegression,784,0.8
806,classification,data_yeast,split_conformal_topk,split_conformal_topk_RandomForest,RandomForest,784,0.8
807,classification,data_yeast,split_conformal_topk,split_conformal_topk_AdaBoost,AdaBoost,784,0.8
808,classification,data_yeast,split_conformal_topk,split_conformal_topk_MLP,MLP,784,0.8
809,classification,data_yeast,split_conformal_topk,split_conformal_topk_XGBoost,XGBoost,784,0.8
810,classification,data_yeast,split_conformal_topk,split_conformal_topk_LogisticRegression,LogisticRegression,785,0.8
811,classification,data_yeast,split_conformal_topk,split_conformal_topk_RandomForest,RandomForest,785,0.8
812,classification,data_yeast,split_conformal_topk,split_conformal_topk_AdaBoost,AdaBoost,785,0.8
813,classification,data_yeast,split_conformal_topk,split_conformal_topk_MLP,MLP,785,0.8
814,classification,data_yeast,split_conformal_topk,split_conformal_topk_XGBoost,XGBoost,785,0.8
815,classification,data_yeast,split_conformal_topk,split_conformal_topk_LogisticRegression,LogisticRegression,786,0.8
816,classification,data_yeast,split_conformal_topk,split_conformal_topk_RandomForest,RandomForest,786,0.8
817,classification,data_yeast,split_conformal_topk,split_conformal_topk_AdaBoost,AdaBoost,786,0.8
818,classification,data_yeast,split_conformal_topk,split_conformal_topk_MLP,MLP,786,0.8
819,classification,data_yeast,split_conformal_topk,split_conformal_topk_XGBoost,XGBoost,786,0.8
820,classification,data_chess,split_conformal_topk,split_conformal_topk_LogisticRegression,LogisticRegression,777,0.8
821,classification,data_chess,split_conformal_topk,split_conformal_topk_RandomForest,RandomForest,777,0.8
822,classification,data_chess,split_conformal_topk,split_conformal_topk_AdaBoost,AdaBoost,777,0.8
823,classification,data_chess,split_conformal_topk,split_conformal_topk_MLP,MLP,777,0.8
824,classification,data_chess,split_conformal_topk,split_conformal_topk_XGBoost,XGBoost,777,0.8
825,classification,data_chess,split_conformal_topk,split_conformal_topk_LogisticRegression,LogisticRegression,778,0.8
826,classification,data_chess,split_conformal_topk,split_conformal_topk_RandomForest,RandomForest,778,0.8
827,classification,data_chess,split_conformal_topk,split_conformal_topk_AdaBoost,AdaBoost,778,0.8
828,classification,data_chess,split_conformal_topk,split_conformal_topk_MLP,MLP,778,0.8
829,classification,data_chess,split_conformal_topk,split_conformal_topk_XGBoost,XGBoost,778,0.8
830,classification,data_chess,split_conformal_topk,split_conformal_topk_LogisticRegression,LogisticRegression,779,0.8
831,classification,data_chess,split_conformal_topk,split_conformal_topk_RandomForest,RandomForest,779,0.8
832,classification,data_chess,split_conformal_topk,split_conformal_topk_AdaBoost,AdaBoost,779,0.8
833,classification,data_chess,split_conformal_topk,split_conformal_topk_MLP,MLP,779,0.8
834,classification,data_chess,split_conformal_topk,split_conformal_topk_XGBoost,XGBoost,779,0.8
835,classification,data_chess,split_conformal_topk,split_conformal_topk_LogisticRegression,LogisticRegression,780,0.8
836,classification,data_chess,split_conformal_topk,split_conformal_topk_RandomForest,RandomForest,780,0.8
837,classification,data_chess,split_conformal_topk,split_conformal_topk_AdaBoost,AdaBoost,780,0.8
838,classification,data_chess,split_conformal_topk,split_conformal_topk_MLP,MLP,780,0.8
839,classification,data_chess,split_conformal_topk,split_conformal_topk_XGBoost,XGBoost,780,0.8
840,classification,data_chess,split_conformal_topk,split_conformal_topk_LogisticRegression,LogisticRegression,781,0.8
841,classification,data_chess,split_conformal_topk,split_conformal_topk_RandomForest,RandomForest,781,0.8
842,classification,data_chess,split_conformal_topk,split_conformal_topk_AdaBoost,AdaBoost,781,0.8
843,classification,data_chess,split_conformal_topk,split_conformal_topk_MLP,MLP,781,0.8
844,classification,data_chess,split_conformal_topk,split_conformal_topk_XGBoost,XGBoost,781,0.8
845,classification,data_chess,split_conformal_topk,split_conformal_topk_LogisticRegression,LogisticRegression,782,0.8
846,classification,data_chess,split_conformal_topk,split_conformal_topk_RandomForest,RandomForest,782,0.8
847,classification,data_chess,split_conformal_topk,split_conformal_topk_AdaBoost,AdaBoost,782,0.8
848,classification,data_chess,split_conformal_topk,split_conformal_topk_MLP,MLP,782,0.8
849,classification,data_chess,split_conformal_topk,split_conformal_topk_XGBoost,XGBoost,782,0.8
850,classification,data_chess,split_conformal_topk,split_conformal_topk_LogisticRegression,LogisticRegression,783,0.8
851,classification,data_chess,split_conformal_topk,split_conformal_topk_RandomForest,RandomForest,783,0.8
852,classification,data_chess,split_conformal_topk,split_conformal_topk_AdaBoost,AdaBoost,783,0.8
853,classification,data_chess,split_conformal_topk,split_conformal_topk_MLP,MLP,783,0.8
854,classification,data_chess,split_conformal_topk,split_conformal_topk_XGBoost,XGBoost,783,0.8
855,classification,data_chess,split_conformal_topk,split_conformal_topk_LogisticRegression,LogisticRegression,784,0.8
856,classification,data_chess,split_conformal_topk,split_conformal_topk_RandomForest,RandomForest,784,0.8
857,classification,data_chess,split_conformal_topk,split_conformal_topk_AdaBoost,AdaBoost,784,0.8
858,classification,data_chess,split_conformal_topk,split_conformal_topk_MLP,MLP,784,0.8
859,classification,data_chess,split_conformal_topk,split_conformal_topk_XGBoost,XGBoost,784,0.8
860,classification,data_chess,split_conformal_topk,split_conformal_topk_LogisticRegression,LogisticRegression,785,0.8
861,classification,data_chess,split_conformal_topk,split_conformal_topk_RandomForest,RandomForest,785,0.8
862,classification,data_chess,split_conformal_topk,split_conformal_topk_AdaBoost,AdaBoost,785,0.8
863,classification,data_chess,split_conformal_topk,split_conformal_topk_MLP,MLP,785,0.8
864,classification,data_chess,split_conformal_topk,split_conformal_topk_XGBoost,XGBoost,785,0.8
865,classification,data_chess,split_conformal_topk,split_conformal_topk_LogisticRegression,LogisticRegression,786,0.8
866,classification,data_chess,split_conformal_topk,split_conformal_topk_RandomForest,RandomForest,786,0.8
867,classification,data_chess,split_conformal_topk,split_conformal_topk_AdaBoost,AdaBoost,786,0.8
868,classification,data_chess,split_conformal_topk,split_conformal_topk_MLP,MLP,786,0.8
869,classification,data_chess,split_conformal_topk,split_conformal_topk_XGBoost,XGBoost,786,0.8
870,classification,data_cover_type,split_conformal_topk,split_conformal_topk_LogisticRegression,LogisticRegression,777,0.8
871,classification,data_cover_type,split_conformal_topk,split_conformal_topk_RandomForest,RandomForest,777,0.8
872,classification,data_cover_type,split_conformal_topk,split_conformal_topk_AdaBoost,AdaBoost,777,0.8
873,classification,data_cover_type,split_conformal_topk,split_conformal_topk_MLP,MLP,777,0.8
874,classification,data_cover_type,split_conformal_topk,split_conformal_topk_XGBoost,XGBoost,777,0.8
875,classification,data_cover_type,split_conformal_topk,split_conformal_topk_LogisticRegression,LogisticRegression,778,0.8
876,classification,data_cover_type,split_conformal_topk,split_conformal_topk_RandomForest,RandomForest,778,0.8
877,classification,data_cover_type,split_conformal_topk,split_conformal_topk_AdaBoost,AdaBoost,778,0.8
878,classification,data_cover_type,split_conformal_topk,split_conformal_topk_MLP,MLP,778,0.8
879,classification,data_cover_type,split_conformal_topk,split_conformal_topk_XGBoost,XGBoost,778,0.8
880,classification,data_cover_type,split_conformal_topk,split_conformal_topk_LogisticRegression,LogisticRegression,779,0.8
881,classification,data_cover_type,split_conformal_topk,split_conformal_topk_RandomForest,RandomForest,779,0.8
882,classification,data_cover_type,split_conformal_topk,split_conformal_topk_AdaBoost,AdaBoost,779,0.8
883,classification,data_cover_type,split_conformal_topk,split_conformal_topk_MLP,MLP,779,0.8
884,classification,data_cover_type,split_conformal_topk,split_conformal_topk_XGBoost,XGBoost,779,0.8
885,classification,data_cover_type,split_conformal_topk,split_conformal_topk_LogisticRegression,LogisticRegression,780,0.8
886,classification,data_cover_type,split_conformal_topk,split_conformal_topk_RandomForest,RandomForest,780,0.8
887,classification,data_cover_type,split_conformal_topk,split_conformal_topk_AdaBoost,AdaBoost,780,0.8
888,classification,data_cover_type,split_conformal_topk,split_conformal_topk_MLP,MLP,780,0.8
889,classification,data_cover_type,split_conformal_topk,split_conformal_topk_XGBoost,XGBoost,780,0.8
890,classification,data_cover_type,split_conformal_topk,split_conformal_topk_LogisticRegression,LogisticRegression,781,0.8
891,classification,data_cover_type,split_conformal_topk,split_conformal_topk_RandomForest,RandomForest,781,0.8
892,classification,data_cover_type,split_conformal_topk,split_conformal_topk_AdaBoost,AdaBoost,781,0.8
893,classification,data_cover_type,split_conformal_topk,split_conformal_topk_MLP,MLP,781,0.8
894,classification,data_cover_type,split_conformal_topk,split_conformal_topk_XGBoost,XGBoost,781,0.8
895,classification,data_cover_type,split_conformal_topk,split_conformal_topk_LogisticRegression,LogisticRegression,782,0.8
896,classification,data_cover_type,split_conformal_topk,split_conformal_topk_RandomForest,RandomForest,782,0.8
897,classification,data_cover_type,split_conformal_topk,split_conformal_topk_AdaBoost,AdaBoost,782,0.8
898,classification,data_cover_type,split_conformal_topk,split_conformal_topk_MLP,MLP,782,0.8
899,classification,data_cover_type,split_conformal_topk,split_conformal_topk_XGBoost,XGBoost,782,0.8
900,classification,data_cover_type,split_conformal_topk,split_conformal_topk_LogisticRegression,LogisticRegression,783,0.8
901,classification,data_cover_type,split_conformal_topk,split_conformal_topk_RandomForest,RandomForest,783,0.8
902,classification,data_cover_type,split_conformal_topk,split_conformal_topk_AdaBoost,AdaBoost,783,0.8
903,classification,data_cover_type,split_conformal_topk,split_conformal_topk_MLP,MLP,783,0.8
904,classification,data_cover_type,split_conformal_topk,split_conformal_topk_XGBoost,XGBoost,783,0.8
905,classification,data_cover_type,split_conformal_topk,split_conformal_topk_LogisticRegression,LogisticRegression,784,0.8
906,classification,data_cover_type,split_conformal_topk,split_conformal_topk_RandomForest,RandomForest,784,0.8
907,classification,data_cover_type,split_conformal_topk,split_conformal_topk_AdaBoost,AdaBoost,784,0.8
908,classification,data_cover_type,split_conformal_topk,split_conformal_topk_MLP,MLP,784,0.8
909,classification,data_cover_type,split_conformal_topk,split_conformal_topk_XGBoost,XGBoost,784,0.8
910,classification,data_cover_type,split_conformal_topk,split_conformal_topk_LogisticRegression,LogisticRegression,785,0.8
911,classification,data_cover_type,split_conformal_topk,split_conformal_topk_RandomForest,RandomForest,785,0.8
912,classification,data_cover_type,split_conformal_topk,split_conformal_topk_AdaBoost,AdaBoost,785,0.8
913,classification,data_cover_type,split_conformal_topk,split_conformal_topk_MLP,MLP,785,0.8
914,classification,data_cover_type,split_conformal_topk,split_conformal_topk_XGBoost,XGBoost,785,0.8
915,classification,data_cover_type,split_conformal_topk,split_conformal_topk_LogisticRegression,LogisticRegression,786,0.8
916,classification,data_cover_type,split_conformal_topk,split_conformal_topk_RandomForest,RandomForest,786,0.8
917,classification,data_cover_type,split_conformal_topk,split_conformal_topk_AdaBoost,AdaBoost,786,0.8
918,classification,data_cover_type,split_conformal_topk,split_conformal_topk_MLP,MLP,786,0.8
919,classification,data_cover_type,split_conformal_topk,split_conformal_topk_XGBoost,XGBoost,786,0.8
920,classification,data_isolet,split_conformal_topk,split_conformal_topk_LogisticRegression,LogisticRegression,777,0.8
921,classification,data_isolet,split_conformal_topk,split_conformal_topk_RandomForest,RandomForest,777,0.8
922,classification,data_isolet,split_conformal_topk,split_conformal_topk_AdaBoost,AdaBoost,777,0.8
923,classification,data_isolet,split_conformal_topk,split_conformal_topk_MLP,MLP,777,0.8
924,classification,data_isolet,split_conformal_topk,split_conformal_topk_XGBoost,XGBoost,777,0.8
925,classification,data_isolet,split_conformal_topk,split_conformal_topk_LogisticRegression,LogisticRegression,778,0.8
926,classification,data_isolet,split_conformal_topk,split_conformal_topk_RandomForest,RandomForest,778,0.8
927,classification,data_isolet,split_conformal_topk,split_conformal_topk_AdaBoost,AdaBoost,778,0.8
928,classification,data_isolet,split_conformal_topk,split_conformal_topk_MLP,MLP,778,0.8
929,classification,data_isolet,split_conformal_topk,split_conformal_topk_XGBoost,XGBoost,778,0.8
930,classification,data_isolet,split_conformal_topk,split_conformal_topk_LogisticRegression,LogisticRegression,779,0.8
931,classification,data_isolet,split_conformal_topk,split_conformal_topk_RandomForest,RandomForest,779,0.8
932,classification,data_isolet,split_conformal_topk,split_conformal_topk_AdaBoost,AdaBoost,779,0.8
933,classification,data_isolet,split_conformal_topk,split_conformal_topk_MLP,MLP,779,0.8
934,classification,data_isolet,split_conformal_topk,split_conformal_topk_XGBoost,XGBoost,779,0.8
935,classification,data_isolet,split_conformal_topk,split_conformal_topk_LogisticRegression,LogisticRegression,780,0.8
936,classification,data_isolet,split_conformal_topk,split_conformal_topk_RandomForest,RandomForest,780,0.8
937,classification,data_isolet,split_conformal_topk,split_conformal_topk_AdaBoost,AdaBoost,780,0.8
938,classification,data_isolet,split_conformal_topk,split_conformal_topk_MLP,MLP,780,0.8
939,classification,data_isolet,split_conformal_topk,split_conformal_topk_XGBoost,XGBoost,780,0.8
940,classification,data_isolet,split_conformal_topk,split_conformal_topk_LogisticRegression,LogisticRegression,781,0.8
941,classification,data_isolet,split_conformal_topk,split_conformal_topk_RandomForest,RandomForest,781,0.8
942,classification,data_isolet,split_conformal_topk,split_conformal_topk_AdaBoost,AdaBoost,781,0.8
943,classification,data_isolet,split_conformal_topk,split_conformal_topk_MLP,MLP,781,0.8
944,classification,data_isolet,split_conformal_topk,split_conformal_topk_XGBoost,XGBoost,781,0.8
945,classification,data_isolet,split_conformal_topk,split_conformal_topk_LogisticRegression,LogisticRegression,782,0.8
946,classification,data_isolet,split_conformal_topk,split_conformal_topk_RandomForest,RandomForest,782,0.8
947,classification,data_isolet,split_conformal_topk,split_conformal_topk_AdaBoost,AdaBoost,782,0.8
948,classification,data_isolet,split_conformal_topk,split_conformal_topk_MLP,MLP,782,0.8
949,classification,data_isolet,split_conformal_topk,split_conformal_topk_XGBoost,XGBoost,782,0.8
950,classification,data_isolet,split_conformal_topk,split_conformal_topk_LogisticRegression,LogisticRegression,783,0.8
951,classification,data_isolet,split_conformal_topk,split_conformal_topk_RandomForest,RandomForest,783,0.8
952,classification,data_isolet,split_conformal_topk,split_conformal_topk_AdaBoost,AdaBoost,783,0.8
953,classification,data_isolet,split_conformal_topk,split_conformal_topk_MLP,MLP,783,0.8
954,classification,data_isolet,split_conformal_topk,split_conformal_topk_XGBoost,XGBoost,783,0.8
955,classification,data_isolet,split_conformal_topk,split_conformal_topk_LogisticRegression,LogisticRegression,784,0.8
956,classification,data_isolet,split_conformal_topk,split_conformal_topk_RandomForest,RandomForest,784,0.8
957,classification,data_isolet,split_conformal_topk,split_conformal_topk_AdaBoost,AdaBoost,784,0.8
958,classification,data_isolet,split_conformal_topk,split_conformal_topk_MLP,MLP,784,0.8
959,classification,data_isolet,split_conformal_topk,split_conformal_topk_XGBoost,XGBoost,784,0.8
960,classification,data_isolet,split_conformal_topk,split_conformal_topk_LogisticRegression,LogisticRegression,785,0.8
961,classification,data_isolet,split_conformal_topk,split_conformal_topk_RandomForest,RandomForest,785,0.8
962,classification,data_isolet,split_conformal_topk,split_conformal_topk_AdaBoost,AdaBoost,785,0.8
963,classification,data_isolet,split_conformal_topk,split_conformal_topk_MLP,MLP,785,0.8
964,classification,data_isolet,split_conformal_topk,split_conformal_topk_XGBoost,XGBoost,785,0.8
965,classification,data_isolet,split_conformal_topk,split_conformal_topk_LogisticRegression,LogisticRegression,786,0.8
966,classification,data_isolet,split_conformal_topk,split_conformal_topk_RandomForest,RandomForest,786,0.8
967,classification,data_isolet,split_conformal_topk,split_conformal_topk_AdaBoost,AdaBoost,786,0.8
968,classification,data_isolet,split_conformal_topk,split_conformal_topk_MLP,MLP,786,0.8
969,classification,data_isolet,split_conformal_topk,split_conformal_topk_XGBoost,XGBoost,786,0.8
970,classification,data_dionis,split_conformal_topk,split_conformal_topk_LogisticRegression,LogisticRegression,777,0.8
971,classification,data_dionis,split_conformal_topk,split_conformal_topk_RandomForest,RandomForest,777,0.8
972,classification,data_dionis,split_conformal_topk,split_conformal_topk_AdaBoost,AdaBoost,777,0.8
973,classification,data_dionis,split_conformal_topk,split_conformal_topk_MLP,MLP,777,0.8
974,classification,data_dionis,split_conformal_topk,split_conformal_topk_XGBoost,XGBoost,777,0.8
975,classification,data_dionis,split_conformal_topk,split_conformal_topk_LogisticRegression,LogisticRegression,778,0.8
976,classification,data_dionis,split_conformal_topk,split_conformal_topk_RandomForest,RandomForest,778,0.8
977,classification,data_dionis,split_conformal_topk,split_conformal_topk_AdaBoost,AdaBoost,778,0.8
978,classification,data_dionis,split_conformal_topk,split_conformal_topk_MLP,MLP,778,0.8
979,classification,data_dionis,split_conformal_topk,split_conformal_topk_XGBoost,XGBoost,778,0.8
980,classification,data_dionis,split_conformal_topk,split_conformal_topk_LogisticRegression,LogisticRegression,779,0.8
981,classification,data_dionis,split_conformal_topk,split_conformal_topk_RandomForest,RandomForest,779,0.8
982,classification,data_dionis,split_conformal_topk,split_conformal_topk_AdaBoost,AdaBoost,779,0.8
983,classification,data_dionis,split_conformal_topk,split_conformal_topk_MLP,MLP,779,0.8
984,classification,data_dionis,split_conformal_topk,split_conformal_topk_XGBoost,XGBoost,779,0.8
985,classification,data_dionis,split_conformal_topk,split_conformal_topk_LogisticRegression,LogisticRegression,780,0.8
986,classification,data_dionis,split_conformal_topk,split_conformal_topk_RandomForest,RandomForest,780,0.8
987,classification,data_dionis,split_conformal_topk,split_conformal_topk_AdaBoost,AdaBoost,780,0.8
988,classification,data_dionis,split_conformal_topk,split_conformal_topk_MLP,MLP,780,0.8
989,classification,data_dionis,split_conformal_topk,split_conformal_topk_XGBoost,XGBoost,780,0.8
990,classification,data_dionis,split_conformal_topk,split_conformal_topk_LogisticRegression,LogisticRegression,781,0.8
991,classification,data_dionis,split_conformal_topk,split_conformal_topk_RandomForest,RandomForest,781,0.8
992,classification,data_dionis,split_conformal_topk,split_conformal_topk_AdaBoost,AdaBoost,781,0.8
993,classification,data_dionis,split_conformal_topk,split_conformal_topk_MLP,MLP,781,0.8
994,classification,data_dionis,split_conformal_topk,split_conformal_topk_XGBoost,XGBoost,781,0.8
995,classification,data_dionis,split_conformal_topk,split_conformal_topk_LogisticRegression,LogisticRegression,782,0.8
996,classification,data_dionis,split_conformal_topk,split_conformal_topk_RandomForest,RandomForest,782,0.8
997,classification,data_dionis,split_conformal_topk,split_conformal_topk_AdaBoost,AdaBoost,782,0.8
998,classification,data_dionis,split_conformal_topk,split_conformal_topk_MLP,MLP,782,0.8
999,classification,data_dionis,split_conformal_topk,split_conformal_topk_XGBoost,XGBoost,782,0.8
1000,classification,data_dionis,split_conformal_topk,split_conformal_topk_LogisticRegression,LogisticRegression,783,0.8
1001,classification,data_dionis,split_conformal_topk,split_conformal_topk_RandomForest,RandomForest,783,0.8
1002,classification,data_dionis,split_conformal_topk,split_conformal_topk_AdaBoost,AdaBoost,783,0.8
1003,classification,data_dionis,split_conformal_topk,split_conformal_topk_MLP,MLP,783,0.8
1004,classification,data_dionis,split_conformal_topk,split_conformal_topk_XGBoost,XGBoost,783,0.8
1005,classification,data_dionis,split_conformal_topk,split_conformal_topk_LogisticRegression,LogisticRegression,784,0.8
1006,classification,data_dionis,split_conformal_topk,split_conformal_topk_RandomForest,RandomForest,784,0.8
1007,classification,data_dionis,split_conformal_topk,split_conformal_topk_AdaBoost,AdaBoost,784,0.8
1008,classification,data_dionis,split_conformal_topk,split_conformal_topk_MLP,MLP,784,0.8
1009,classification,data_dionis,split_conformal_topk,split_conformal_topk_XGBoost,XGBoost,784,0.8
1010,classification,data_dionis,split_conformal_topk,split_conformal_topk_LogisticRegression,LogisticRegression,785,0.8
1011,classification,data_dionis,split_conformal_topk,split_conformal_topk_RandomForest,RandomForest,785,0.8
1012,classification,data_dionis,split_conformal_topk,split_conformal_topk_AdaBoost,AdaBoost,785,0.8
1013,classification,data_dionis,split_conformal_topk,split_conformal_topk_MLP,MLP,785,0.8
1014,classification,data_dionis,split_conformal_topk,split_conformal_topk_XGBoost,XGBoost,785,0.8
1015,classification,data_dionis,split_conformal_topk,split_conformal_topk_LogisticRegression,LogisticRegression,786,0.8
1016,classification,data_dionis,split_conformal_topk,split_conformal_topk_RandomForest,RandomForest,786,0.8
1017,classification,data_dionis,split_conformal_topk,split_conformal_topk_AdaBoost,AdaBoost,786,0.8
1018,classification,data_dionis,split_conformal_topk,split_conformal_topk_MLP,MLP,786,0.8
1019,classification,data_dionis,split_conformal_topk,split_conformal_topk_XGBoost,XGBoost,786,0.8
